Year,Ticker
2022,AAPL
2022,MSFT
2022,NVDA
2022,VSMPX
2022,AMZN
2022,GOOG
2022,GOOGL
2022,META
2022,VOO
2022,VFIAX
2022,BRK-A
2022,BRK-B
2022,VITSX
2022,VTSAX
2022,TSM
2022,TSLA
2022,AVGO
2022,LLY
2022,WMT
2022,JPM
2022,V
2022,FXAIX
2022,VTI
2022,IVV
2022,XOM
2022,SPY
2022,MA
2022,UNH
2022,VXUS
2022,VTPSX
2022,VTIAX
2022,COST
2022,PG
2022,ORCL
2022,NFLX
2022,JNJ
2022,ABBV
2022,HD
2022,VBTLX
2022,VBMFX
2022,BND
2022,VBMPX
2022,VMCPX
2022,VTBNX
2022,BABA
2022,BAC
2022,SAP
2022,VINIX
2022,VIIIX
2022,KO
2022,TMUS
2022,VIMAX
2022,NVO
2022,CVX
2022,MC.PA
2022,ASML
2022,MRK.PA
2022,CRM
2022,RMS.PA
2022,RGAGX
2022,GAFFX
2022,AGTHX
2022,GFAFX
2022,CSCO
2022,PM
2022,CGFAX
2022,BALFX
2022,ABALX
2022,FIYY
2022,AFMBX
2022,CLBAX
2022,RLBGX
2022,AMBFX
2022,VZA
2022,WFC
2022,IBM
2022,RY.TO
2022,ABT
2022,TM
2022,AZN
2022,MCD
2022,RGABX
2022,LIN
2022,MRK
2022,GE
2022,RGAAX
2022,NVS
2022,RY-PZ.TO
2022,FFEU
2022,GFACX
2022,VEA
2022,VTMNX
2022,VTMGX
2022,PEP
2022,T
2022,HSBC
2022,VEMRX
2022,TBB
2022,PLTR
2022,VEMPX
2022,VB
2022,ACN
2022,VZ
2022,AXP
2022,OR.PA
2022,VTV
2022,MS
2022,BX
2022,QQQ
2022,TMO
2022,SHOP.TO
2022,PONPX
2022,PIMIX
2022,ISRG
2022,RTX
2022,DIS
2022,VO
2022,INTU
2022,GNE.PA
2022,TD-PFK.TO
2022,GS
2022,QCOM
2022,NOW
2022,PGR
2022,AMD
2022,HDB
2022,AMGN
2022,TD-PFI.TO
2022,ADBE
2022,TXN
2022,RY
2022,SPGI
2022,CATR.PA
2022,VIGIX
2022,VIGAX
2022,CAT
2022,FCNKX
2022,FCNTX
2022,AICFX
2022,RICAX
2022,RICBX
2022,FFICX
2022,AIVSX
2022,AICCX
2022,CICAX
2022,MUFG
2022,BKNG
2022,UBER
2022,SONY
2022,BSX
2022,UL
2022,FCTDX
2022,TD.TO
2022,BLK
2022,FNPFX
2022,RNPGX
2022,NEE
2022,ANWPX
2022,NPFFX
2022,DHR
2022,RFNCX
2022,TTE
2022,SYK
2022,FUNFX
2022,AFIFX
2022,CFNAX
2022,ANCFX
2022,UNP
2022,TD-PFL.TO
2022,VGSLX
2022,SCHW
2022,PFE
2022,ENB.TO
2022,GILD
2022,CMCSA
2022,HON
2022,AWSHX
2022,RWMFX
2022,CWMAX
2022,TJX
2022,WSHFX
2022,WSHCX
2022,RWMBX
2022,COP
2022,SNY
2022,C
2022,LOW
2022,AMECX
2022,AEPGX
2022,RERGX
2022,RIDGX
2022,FIFAX
2022,IFAFX
2022,DE
2022,AEGFX
2022,RERHX
2022,AEPFX
2022,CWGFX
2022,AIR.PA
2022,RWICX
2022,CWIAX
2022,CWGIX
2022,IEFA
2022,SHOP
2022,BA
2022,TTE.PA
2022,ADP
2022,FI
2022,VRTX
2022,AGG
2022,EL.PA
2022,SAN.PA
2022,JJEB
2022,BMY
2022,CB
2022,BUD
2022,SU.PA
2022,MMC
2022,DOXGX
2022,AMAT
2022,BAM.TO
2022,BN.TO
2022,ANTM
2022,MDT
2022,PANW
2022,VWELX
2022,VWENX
2022,ARM
2022,COWB
2022,TRI.TO
2022,JJTB
2022,BALB
2022,SBUX
2022,JJGB
2022,CAIBX
2022,RIRGX
2022,CIRAX
2022,CIBFX
2022,SPOT
2022,IBN
2022,SHEL
2022,ETN
2022,JJAB
2022,BJJN
2022,VDADX
2022,JJUB
2022,VIG
2022,FSKAX
2022,LMT
2022,JLGMX
2022,JLGRX
2022,SEEGX
2022,OLGAX
2022,KKR
2022,VTTHX
2022,TD
2022,IWF
2022,PLD
2022,VSCIX
2022,VSMAX
2022,JJSB
2022,SAN
2022,AMT
2022,AI.PA
2022,JJPB
2022,SGGB
2022,VTIFX
2022,BNDX
2022,VTABX
2022,SOJD
2022,SAF.PA
2022,SO
2022,SOJE
2022,BMO.TO
2022,SOJC
2022,JJMB
2022,JJCB
2022,MO
2022,MU
2022,ANET
2022,WELL
2022,RY-PT
2022,ADI
2022,ICE
2022,VGT
2022,ELV
2022,VTHRX
2022,RIO
2022,BJO
2022,CSU.TO
2022,VITAX
2022,ENB
2022,MELI
2022,PGMB
2022,SMFG
2022,UBS
2022,APP
2022,NKE
2022,CDI.PA
2022,INTC
2022,CP.TO
2022,DUKB
2022,CME
2022,DODIX
2022,CNQ.TO
2022,DUK
2022,WM
2022,VFORX
2022,RELX
2022,CFAAX
2022,BFAFX
2022,LRCX
2022,UPS
2022,VTIVX
2022,DGE.PA
2022,DODGX
2022,KLAC
2022,VUG
2022,BTI
2022,CRWD
2022,CI
2022,IJH
2022,BP
2022,CNR.TO
2022,PBR-A
2022,SHW
2022,AJG
2022,CS.PA
2022,MDLZ
2022,GEV
2022,BNP.PA
2022,TBCIX
2022,AON
2022,CVS
2022,TRBCX
2022,HCA
2022,MCK
2022,MCO
2022,CTAS
2022,BNS.TO
2022,PABGX
2022,ORLY
2022,BAM
2022,FKINX
2022,BN
2022,RAFFX
2022,VEMAX
2022,FNCFX
2022,APH
2022,FRIAX
2022,VEXAX
2022,VIEIX
2022,MSTR
2022,MMM
2022,EQIX
2022,BBVA
2022,APO
2022,VFIFX
2022,VWIUX
2022,VWITX
2022,PH
2022,TRI
2022,TDG
2022,MFC.TO
2022,AMCPX
2022,AEM.TO
2022,NGT.TO
2022,AMPFX
2022,RACE
2022,RRBGX
2022,VPMAX
2022,GSK
2022,EFA
2022,VPMCX
2022,CM.TO
2022,DASH
2022,TT
2022,ABNB
2022,PRUFX
2022,CL
2022,RSG
2022,SE
2022,VHYAX
2022,PRGFX
2022,VYM
2022,DODFX
2022,INFY
2022,VTTVX
2022,STRK
2022,GLD
2022,SCCO
2022,FTNT
2022,ATVI
2022,NOC
2022,GD
2022,EPD
2022,WMB
2022,EQNR
2022,IBKR
2022,ITW
2022,SMCWX
2022,SCWFX
2022,RLLGX
2022,RSLAX
2022,CSPAX
2022,MSI
2022,TRSAX
2022,WCN.TO
2022,ZTS
2022,VVIAX
2022,FIWGX
2022,ECL
2022,RSP
2022,FBGRX
2022,EOG
2022,TRP.TO
2022,CDNS
2022,BMO
2022,SCHD
2022,CMG
2022,SU.TO
2022,PNC
2022,ABB
2022,SWPPX
2022,NTES
2022,RMFGX
2022,AMRFX
2022,RRGSX
2022,MFG
2022,AMFFX
2022,COF
2022,ATD.TO
2022,SNPS
2022,CP
2022,REGN
2022,DG.PA
2022,VMCIX
2022,CNQ
2022,AMOV
2022,MAR
2022,PYPL
2022,FGCKX
2022,FDGRX
2022,APD
2022,USB
2022,BDX
2022,CEG
2022,IWM
2022,BDXA
2022,VWO
2022,NGG
2022,ET
2022,DELL
2022,AZO
2022,KMI
2022,JD
2022,ROP
2022,PXD
2022,WDAY
2022,IEMG
2022,CNWAX
2022,NEWFX
2022,NWFFX
2022,NFFFX
2022,FXNAX
2022,OKE
2022,AMPCX
2022,EMR
2022,CNI
2022,BHP
2022,VMW
2022,AFL
2022,L.TO
2022,VWNAX
2022,ING
2022,VWNFX
2022,CRH
2022,BK
2022,TRV
2022,VEIPX
2022,VEIRX
2022,IJR
2022,CCZ
2022,VBIRX
2022,BSV
2022,SPLG
2022,MEIKX
2022,MEIIX
2022,MEIAX
2022,VBIAX
2022,BNS
2022,VBINX
2022,VBAIX
2022,DEO
2022,FDX
2022,AEP
2022,SLB.PA
2022,LYG
2022,FBALX
2022,MNST
2021,AAPL
2021,MSFT
2021,NVDA
2021,VSMPX
2021,AMZN
2021,GOOG
2021,GOOGL
2021,META
2021,VOO
2021,VFIAX
2021,BRK-A
2021,BRK-B
2021,VITSX
2021,VTSAX
2021,TSM
2021,TSLA
2021,AVGO
2021,LLY
2021,WMT
2021,JPM
2021,V
2021,FXAIX
2021,VTI
2021,IVV
2021,XOM
2021,SPY
2021,MA
2021,UNH
2021,VXUS
2021,VTPSX
2021,VTIAX
2021,COST
2021,PG
2021,ORCL
2021,NFLX
2021,JNJ
2021,ABBV
2021,HD
2021,VBTLX
2021,VBMFX
2021,BND
2021,VBMPX
2021,VMCPX
2021,VTBNX
2021,BABA
2021,BAC
2021,SAP
2021,VINIX
2021,VIIIX
2021,KO
2021,TMUS
2021,VIMAX
2021,NVO
2021,CVX
2021,MC.PA
2021,ASML
2021,MRK.PA
2021,CRM
2021,RMS.PA
2021,RGAGX
2021,GAFFX
2021,AGTHX
2021,GFAFX
2021,CSCO
2021,PM
2021,CGFAX
2021,BALFX
2021,ABALX
2021,FIYY
2021,AFMBX
2021,CLBAX
2021,RLBGX
2021,AMBFX
2021,VZA
2021,WFC
2021,IBM
2021,RY.TO
2021,ABT
2021,TM
2021,AZN
2021,MCD
2021,RGABX
2021,LIN
2021,MRK
2021,GE
2021,RGAAX
2021,NVS
2021,RY-PZ.TO
2021,FFEU
2021,GFACX
2021,VEA
2021,VTMNX
2021,VTMGX
2021,PEP
2021,T
2021,HSBC
2021,VEMRX
2021,TBB
2021,PLTR
2021,VEMPX
2021,VB
2021,ACN
2021,VZ
2021,AXP
2021,OR.PA
2021,VTV
2021,MS
2021,BX
2021,QQQ
2021,TMO
2021,SHOP.TO
2021,PONPX
2021,PIMIX
2021,ISRG
2021,RTX
2021,DIS
2021,VO
2021,INTU
2021,GNE.PA
2021,TD-PFK.TO
2021,GS
2021,QCOM
2021,NOW
2021,PGR
2021,AMD
2021,HDB
2021,AMGN
2021,TD-PFI.TO
2021,ADBE
2021,TXN
2021,RY
2021,SPGI
2021,CATR.PA
2021,VIGIX
2021,VIGAX
2021,CAT
2021,FCNKX
2021,FCNTX
2021,AICFX
2021,RICAX
2021,RICBX
2021,FFICX
2021,AIVSX
2021,AICCX
2021,CICAX
2021,MUFG
2021,BKNG
2021,UBER
2021,SONY
2021,BSX
2021,UL
2021,FCTDX
2021,TD.TO
2021,BLK
2021,FNPFX
2021,RNPGX
2021,NEE
2021,ANWPX
2021,NPFFX
2021,DHR
2021,RFNCX
2021,TTE
2021,SYK
2021,FUNFX
2021,AFIFX
2021,CFNAX
2021,ANCFX
2021,UNP
2021,TD-PFL.TO
2021,VGSLX
2021,SCHW
2021,PFE
2021,ENB.TO
2021,GILD
2021,CMCSA
2021,HON
2021,AWSHX
2021,RWMFX
2021,CWMAX
2021,TJX
2021,WSHFX
2021,WSHCX
2021,RWMBX
2021,COP
2021,SNY
2021,C
2021,LOW
2021,AMECX
2021,AEPGX
2021,RERGX
2021,RIDGX
2021,FIFAX
2021,IFAFX
2021,DE
2021,AEGFX
2021,RERHX
2021,AEPFX
2021,CWGFX
2021,AIR.PA
2021,RWICX
2021,CWIAX
2021,CWGIX
2021,IEFA
2021,SHOP
2021,BA
2021,TTE.PA
2021,ADP
2021,FI
2021,VRTX
2021,AGG
2021,EL.PA
2021,SAN.PA
2021,JJEB
2021,BMY
2021,CB
2021,BUD
2021,SU.PA
2021,MMC
2021,DOXGX
2021,AMAT
2021,BAM.TO
2021,BN.TO
2021,ANTM
2021,MDT
2021,PANW
2021,VWELX
2021,VWENX
2021,ARM
2021,COWB
2021,TRI.TO
2021,JJTB
2021,BALB
2021,SBUX
2021,JJGB
2021,CAIBX
2021,RIRGX
2021,CIRAX
2021,CIBFX
2021,SPOT
2021,IBN
2021,SHEL
2021,ETN
2021,JJAB
2021,BJJN
2021,VDADX
2021,JJUB
2021,VIG
2021,FSKAX
2021,LMT
2021,JLGMX
2021,JLGRX
2021,SEEGX
2021,OLGAX
2021,KKR
2021,VTTHX
2021,TD
2021,IWF
2021,PLD
2021,VSCIX
2021,VSMAX
2021,JJSB
2021,SAN
2021,AMT
2021,AI.PA
2021,JJPB
2021,SGGB
2021,VTIFX
2021,BNDX
2021,VTABX
2021,SOJD
2021,SAF.PA
2021,SO
2021,SOJE
2021,BMO.TO
2021,SOJC
2021,JJMB
2021,JJCB
2021,MO
2021,MU
2021,ANET
2021,WELL
2021,RY-PT
2021,ADI
2021,ICE
2021,VGT
2021,ELV
2021,VTHRX
2021,RIO
2021,BJO
2021,CSU.TO
2021,VITAX
2021,ENB
2021,MELI
2021,PGMB
2021,SMFG
2021,UBS
2021,APP
2021,NKE
2021,CDI.PA
2021,INTC
2021,CP.TO
2021,DUKB
2021,CME
2021,DODIX
2021,CNQ.TO
2021,DUK
2021,WM
2021,VFORX
2021,RELX
2021,CFAAX
2021,BFAFX
2021,LRCX
2021,UPS
2021,VTIVX
2021,DGE.PA
2021,DODGX
2021,KLAC
2021,VUG
2021,BTI
2021,CRWD
2021,CI
2021,IJH
2021,BP
2021,CNR.TO
2021,PBR-A
2021,SHW
2021,AJG
2021,CS.PA
2021,MDLZ
2021,GEV
2021,BNP.PA
2021,TBCIX
2021,AON
2021,CVS
2021,TRBCX
2021,HCA
2021,MCK
2021,MCO
2021,CTAS
2021,BNS.TO
2021,PABGX
2021,ORLY
2021,BAM
2021,FKINX
2021,BN
2021,RAFFX
2021,VEMAX
2021,FNCFX
2021,APH
2021,FRIAX
2021,VEXAX
2021,VIEIX
2021,MSTR
2021,MMM
2021,EQIX
2021,BBVA
2021,APO
2021,VFIFX
2021,VWIUX
2021,VWITX
2021,PH
2021,TRI
2021,TDG
2021,MFC.TO
2021,AMCPX
2021,AEM.TO
2021,NGT.TO
2021,AMPFX
2021,RACE
2021,RRBGX
2021,VPMAX
2021,GSK
2021,EFA
2021,VPMCX
2021,CM.TO
2021,DASH
2021,TT
2021,ABNB
2021,PRUFX
2021,CL
2021,RSG
2021,SE
2021,VHYAX
2021,PRGFX
2021,VYM
2021,DODFX
2021,INFY
2021,VTTVX
2021,STRK
2021,GLD
2021,SCCO
2021,FTNT
2021,ATVI
2021,NOC
2021,GD
2021,EPD
2021,WMB
2021,EQNR
2021,IBKR
2021,ITW
2021,SMCWX
2021,SCWFX
2021,RLLGX
2021,RSLAX
2021,CSPAX
2021,MSI
2021,TRSAX
2021,WCN.TO
2021,ZTS
2021,VVIAX
2021,FIWGX
2021,ECL
2021,RSP
2021,FBGRX
2021,EOG
2021,TRP.TO
2021,CDNS
2021,BMO
2021,SCHD
2021,CMG
2021,SU.TO
2021,PNC
2021,ABB
2021,SWPPX
2021,NTES
2021,RMFGX
2021,AMRFX
2021,RRGSX
2021,MFG
2021,AMFFX
2021,COF
2021,ATD.TO
2021,SNPS
2021,CP
2021,REGN
2021,DG.PA
2021,VMCIX
2021,CNQ
2021,AMOV
2021,MAR
2021,PYPL
2021,FGCKX
2021,FDGRX
2021,APD
2021,USB
2021,BDX
2021,CEG
2021,IWM
2021,BDXA
2021,VWO
2021,NGG
2021,ET
2021,DELL
2021,AZO
2021,KMI
2021,JD
2021,ROP
2021,PXD
2021,WDAY
2021,IEMG
2021,CNWAX
2021,NEWFX
2021,NWFFX
2021,NFFFX
2021,FXNAX
2021,OKE
2021,AMPCX
2021,EMR
2021,CNI
2021,BHP
2021,VMW
2021,AFL
2021,L.TO
2021,VWNAX
2021,ING
2021,VWNFX
2021,CRH
2021,BK
2021,TRV
2021,VEIPX
2021,VEIRX
2021,IJR
2021,CCZ
2021,VBIRX
2021,BSV
2021,SPLG
2021,MEIKX
2021,MEIIX
2021,MEIAX
2021,VBIAX
2021,BNS
2021,VBINX
2021,VBAIX
2021,DEO
2021,FDX
2021,AEP
2021,SLB.PA
2021,LYG
2021,FBALX
2021,MNST
2020,AAPL
2020,MSFT
2020,NVDA
2020,VSMPX
2020,AMZN
2020,GOOG
2020,GOOGL
2020,META
2020,VOO
2020,VFIAX
2020,BRK-A
2020,BRK-B
2020,VITSX
2020,VTSAX
2020,TSM
2020,TSLA
2020,AVGO
2020,LLY
2020,WMT
2020,JPM
2020,V
2020,FXAIX
2020,VTI
2020,IVV
2020,XOM
2020,SPY
2020,MA
2020,UNH
2020,VXUS
2020,VTPSX
2020,VTIAX
2020,COST
2020,PG
2020,ORCL
2020,NFLX
2020,JNJ
2020,ABBV
2020,HD
2020,VBTLX
2020,VBMFX
2020,BND
2020,VBMPX
2020,VMCPX
2020,VTBNX
2020,BABA
2020,BAC
2020,SAP
2020,VINIX
2020,VIIIX
2020,KO
2020,TMUS
2020,VIMAX
2020,NVO
2020,CVX
2020,MC.PA
2020,ASML
2020,MRK.PA
2020,CRM
2020,RMS.PA
2020,RGAGX
2020,GAFFX
2020,AGTHX
2020,GFAFX
2020,CSCO
2020,PM
2020,CGFAX
2020,BALFX
2020,ABALX
2020,FIYY
2020,AFMBX
2020,CLBAX
2020,RLBGX
2020,AMBFX
2020,VZA
2020,WFC
2020,IBM
2020,RY.TO
2020,ABT
2020,TM
2020,AZN
2020,MCD
2020,RGABX
2020,LIN
2020,MRK
2020,GE
2020,RGAAX
2020,NVS
2020,RY-PZ.TO
2020,FFEU
2020,GFACX
2020,VEA
2020,VTMNX
2020,VTMGX
2020,PEP
2020,T
2020,HSBC
2020,VEMRX
2020,TBB
2020,PLTR
2020,VEMPX
2020,VB
2020,ACN
2020,VZ
2020,AXP
2020,OR.PA
2020,VTV
2020,MS
2020,BX
2020,QQQ
2020,TMO
2020,SHOP.TO
2020,PONPX
2020,PIMIX
2020,ISRG
2020,RTX
2020,DIS
2020,VO
2020,INTU
2020,GNE.PA
2020,TD-PFK.TO
2020,GS
2020,QCOM
2020,NOW
2020,PGR
2020,AMD
2020,HDB
2020,AMGN
2020,TD-PFI.TO
2020,ADBE
2020,TXN
2020,RY
2020,SPGI
2020,CATR.PA
2020,VIGIX
2020,VIGAX
2020,CAT
2020,FCNKX
2020,FCNTX
2020,AICFX
2020,RICAX
2020,RICBX
2020,FFICX
2020,AIVSX
2020,AICCX
2020,CICAX
2020,MUFG
2020,BKNG
2020,UBER
2020,SONY
2020,BSX
2020,UL
2020,FCTDX
2020,TD.TO
2020,BLK
2020,FNPFX
2020,RNPGX
2020,NEE
2020,ANWPX
2020,NPFFX
2020,DHR
2020,RFNCX
2020,TTE
2020,SYK
2020,FUNFX
2020,AFIFX
2020,CFNAX
2020,ANCFX
2020,UNP
2020,TD-PFL.TO
2020,VGSLX
2020,SCHW
2020,PFE
2020,ENB.TO
2020,GILD
2020,CMCSA
2020,HON
2020,AWSHX
2020,RWMFX
2020,CWMAX
2020,TJX
2020,WSHFX
2020,WSHCX
2020,RWMBX
2020,COP
2020,SNY
2020,C
2020,LOW
2020,AMECX
2020,AEPGX
2020,RERGX
2020,RIDGX
2020,FIFAX
2020,IFAFX
2020,DE
2020,AEGFX
2020,RERHX
2020,AEPFX
2020,CWGFX
2020,AIR.PA
2020,RWICX
2020,CWIAX
2020,CWGIX
2020,IEFA
2020,SHOP
2020,BA
2020,TTE.PA
2020,ADP
2020,FI
2020,VRTX
2020,AGG
2020,EL.PA
2020,SAN.PA
2020,JJEB
2020,BMY
2020,CB
2020,BUD
2020,SU.PA
2020,MMC
2020,DOXGX
2020,AMAT
2020,BAM.TO
2020,BN.TO
2020,ANTM
2020,MDT
2020,PANW
2020,VWELX
2020,VWENX
2020,ARM
2020,COWB
2020,TRI.TO
2020,JJTB
2020,BALB
2020,SBUX
2020,JJGB
2020,CAIBX
2020,RIRGX
2020,CIRAX
2020,CIBFX
2020,SPOT
2020,IBN
2020,SHEL
2020,ETN
2020,JJAB
2020,BJJN
2020,VDADX
2020,JJUB
2020,VIG
2020,FSKAX
2020,LMT
2020,JLGMX
2020,JLGRX
2020,SEEGX
2020,OLGAX
2020,KKR
2020,VTTHX
2020,TD
2020,IWF
2020,PLD
2020,VSCIX
2020,VSMAX
2020,JJSB
2020,SAN
2020,AMT
2020,AI.PA
2020,JJPB
2020,SGGB
2020,VTIFX
2020,BNDX
2020,VTABX
2020,SOJD
2020,SAF.PA
2020,SO
2020,SOJE
2020,BMO.TO
2020,SOJC
2020,JJMB
2020,JJCB
2020,MO
2020,MU
2020,ANET
2020,WELL
2020,RY-PT
2020,ADI
2020,ICE
2020,VGT
2020,ELV
2020,VTHRX
2020,RIO
2020,BJO
2020,CSU.TO
2020,VITAX
2020,ENB
2020,MELI
2020,PGMB
2020,SMFG
2020,UBS
2020,APP
2020,NKE
2020,CDI.PA
2020,INTC
2020,CP.TO
2020,DUKB
2020,CME
2020,DODIX
2020,CNQ.TO
2020,DUK
2020,WM
2020,VFORX
2020,RELX
2020,CFAAX
2020,BFAFX
2020,LRCX
2020,UPS
2020,VTIVX
2020,DGE.PA
2020,DODGX
2020,KLAC
2020,VUG
2020,BTI
2020,CRWD
2020,CI
2020,IJH
2020,BP
2020,CNR.TO
2020,PBR-A
2020,SHW
2020,AJG
2020,CS.PA
2020,MDLZ
2020,GEV
2020,BNP.PA
2020,TBCIX
2020,AON
2020,CVS
2020,TRBCX
2020,HCA
2020,MCK
2020,MCO
2020,CTAS
2020,BNS.TO
2020,PABGX
2020,ORLY
2020,BAM
2020,FKINX
2020,BN
2020,RAFFX
2020,VEMAX
2020,FNCFX
2020,APH
2020,FRIAX
2020,VEXAX
2020,VIEIX
2020,MSTR
2020,MMM
2020,EQIX
2020,BBVA
2020,APO
2020,VFIFX
2020,VWIUX
2020,VWITX
2020,PH
2020,TRI
2020,TDG
2020,MFC.TO
2020,AMCPX
2020,AEM.TO
2020,NGT.TO
2020,AMPFX
2020,RACE
2020,RRBGX
2020,VPMAX
2020,GSK
2020,EFA
2020,VPMCX
2020,CM.TO
2020,DASH
2020,TT
2020,ABNB
2020,PRUFX
2020,CL
2020,RSG
2020,SE
2020,VHYAX
2020,PRGFX
2020,VYM
2020,DODFX
2020,INFY
2020,VTTVX
2020,STRK
2020,GLD
2020,SCCO
2020,FTNT
2020,ATVI
2020,NOC
2020,GD
2020,EPD
2020,WMB
2020,EQNR
2020,IBKR
2020,ITW
2020,SMCWX
2020,SCWFX
2020,RLLGX
2020,RSLAX
2020,CSPAX
2020,MSI
2020,TRSAX
2020,WCN.TO
2020,ZTS
2020,VVIAX
2020,FIWGX
2020,ECL
2020,RSP
2020,FBGRX
2020,EOG
2020,TRP.TO
2020,CDNS
2020,BMO
2020,SCHD
2020,CMG
2020,SU.TO
2020,PNC
2020,ABB
2020,SWPPX
2020,NTES
2020,RMFGX
2020,AMRFX
2020,RRGSX
2020,MFG
2020,AMFFX
2020,COF
2020,ATD.TO
2020,SNPS
2020,CP
2020,REGN
2020,DG.PA
2020,VMCIX
2020,CNQ
2020,AMOV
2020,MAR
2020,PYPL
2020,FGCKX
2020,FDGRX
2020,APD
2020,USB
2020,BDX
2020,CEG
2020,IWM
2020,BDXA
2020,VWO
2020,NGG
2020,ET
2020,DELL
2020,AZO
2020,KMI
2020,JD
2020,ROP
2020,PXD
2020,WDAY
2020,IEMG
2020,CNWAX
2020,NEWFX
2020,NWFFX
2020,NFFFX
2020,FXNAX
2020,OKE
2020,AMPCX
2020,EMR
2020,CNI
2020,BHP
2020,VMW
2020,AFL
2020,L.TO
2020,VWNAX
2020,ING
2020,VWNFX
2020,CRH
2020,BK
2020,TRV
2020,VEIPX
2020,VEIRX
2020,IJR
2020,CCZ
2020,VBIRX
2020,BSV
2020,SPLG
2020,MEIKX
2020,MEIIX
2020,MEIAX
2020,VBIAX
2020,BNS
2020,VBINX
2020,VBAIX
2020,DEO
2020,FDX
2020,AEP
2020,SLB.PA
2020,LYG
2020,FBALX
2020,MNST
2019,AAPL
2019,MSFT
2019,NVDA
2019,VSMPX
2019,AMZN
2019,GOOG
2019,GOOGL
2019,META
2019,VOO
2019,VFIAX
2019,BRK-A
2019,BRK-B
2019,VITSX
2019,VTSAX
2019,TSM
2019,TSLA
2019,AVGO
2019,LLY
2019,WMT
2019,JPM
2019,V
2019,FXAIX
2019,VTI
2019,IVV
2019,XOM
2019,SPY
2019,MA
2019,UNH
2019,VXUS
2019,VTPSX
2019,VTIAX
2019,COST
2019,PG
2019,ORCL
2019,NFLX
2019,JNJ
2019,ABBV
2019,HD
2019,VBTLX
2019,VBMFX
2019,BND
2019,VBMPX
2019,VMCPX
2019,VTBNX
2019,BABA
2019,BAC
2019,SAP
2019,VINIX
2019,VIIIX
2019,KO
2019,TMUS
2019,VIMAX
2019,NVO
2019,CVX
2019,MC.PA
2019,ASML
2019,MRK.PA
2019,CRM
2019,RMS.PA
2019,RGAGX
2019,GAFFX
2019,AGTHX
2019,GFAFX
2019,CSCO
2019,PM
2019,CGFAX
2019,BALFX
2019,ABALX
2019,FIYY
2019,AFMBX
2019,CLBAX
2019,RLBGX
2019,AMBFX
2019,VZA
2019,WFC
2019,IBM
2019,RY.TO
2019,ABT
2019,TM
2019,AZN
2019,MCD
2019,RGABX
2019,LIN
2019,MRK
2019,GE
2019,RGAAX
2019,NVS
2019,RY-PZ.TO
2019,FFEU
2019,GFACX
2019,VEA
2019,VTMNX
2019,VTMGX
2019,PEP
2019,T
2019,HSBC
2019,VEMRX
2019,TBB
2019,PLTR
2019,VEMPX
2019,VB
2019,ACN
2019,VZ
2019,AXP
2019,OR.PA
2019,VTV
2019,MS
2019,BX
2019,QQQ
2019,TMO
2019,SHOP.TO
2019,PONPX
2019,PIMIX
2019,ISRG
2019,RTX
2019,DIS
2019,VO
2019,INTU
2019,GNE.PA
2019,TD-PFK.TO
2019,GS
2019,QCOM
2019,NOW
2019,PGR
2019,AMD
2019,HDB
2019,AMGN
2019,TD-PFI.TO
2019,ADBE
2019,TXN
2019,RY
2019,SPGI
2019,CATR.PA
2019,VIGIX
2019,VIGAX
2019,CAT
2019,FCNKX
2019,FCNTX
2019,AICFX
2019,RICAX
2019,RICBX
2019,FFICX
2019,AIVSX
2019,AICCX
2019,CICAX
2019,MUFG
2019,BKNG
2019,UBER
2019,SONY
2019,BSX
2019,UL
2019,FCTDX
2019,TD.TO
2019,BLK
2019,FNPFX
2019,RNPGX
2019,NEE
2019,ANWPX
2019,NPFFX
2019,DHR
2019,RFNCX
2019,TTE
2019,SYK
2019,FUNFX
2019,AFIFX
2019,CFNAX
2019,ANCFX
2019,UNP
2019,TD-PFL.TO
2019,VGSLX
2019,SCHW
2019,PFE
2019,ENB.TO
2019,GILD
2019,CMCSA
2019,HON
2019,AWSHX
2019,RWMFX
2019,CWMAX
2019,TJX
2019,WSHFX
2019,WSHCX
2019,RWMBX
2019,COP
2019,SNY
2019,C
2019,LOW
2019,AMECX
2019,AEPGX
2019,RERGX
2019,RIDGX
2019,FIFAX
2019,IFAFX
2019,DE
2019,AEGFX
2019,RERHX
2019,AEPFX
2019,CWGFX
2019,AIR.PA
2019,RWICX
2019,CWIAX
2019,CWGIX
2019,IEFA
2019,SHOP
2019,BA
2019,TTE.PA
2019,ADP
2019,FI
2019,VRTX
2019,AGG
2019,EL.PA
2019,SAN.PA
2019,JJEB
2019,BMY
2019,CB
2019,BUD
2019,SU.PA
2019,MMC
2019,DOXGX
2019,AMAT
2019,BAM.TO
2019,BN.TO
2019,ANTM
2019,MDT
2019,PANW
2019,VWELX
2019,VWENX
2019,ARM
2019,COWB
2019,TRI.TO
2019,JJTB
2019,BALB
2019,SBUX
2019,JJGB
2019,CAIBX
2019,RIRGX
2019,CIRAX
2019,CIBFX
2019,SPOT
2019,IBN
2019,SHEL
2019,ETN
2019,JJAB
2019,BJJN
2019,VDADX
2019,JJUB
2019,VIG
2019,FSKAX
2019,LMT
2019,JLGMX
2019,JLGRX
2019,SEEGX
2019,OLGAX
2019,KKR
2019,VTTHX
2019,TD
2019,IWF
2019,PLD
2019,VSCIX
2019,VSMAX
2019,JJSB
2019,SAN
2019,AMT
2019,AI.PA
2019,JJPB
2019,SGGB
2019,VTIFX
2019,BNDX
2019,VTABX
2019,SOJD
2019,SAF.PA
2019,SO
2019,SOJE
2019,BMO.TO
2019,SOJC
2019,JJMB
2019,JJCB
2019,MO
2019,MU
2019,ANET
2019,WELL
2019,RY-PT
2019,ADI
2019,ICE
2019,VGT
2019,ELV
2019,VTHRX
2019,RIO
2019,BJO
2019,CSU.TO
2019,VITAX
2019,ENB
2019,MELI
2019,PGMB
2019,SMFG
2019,UBS
2019,APP
2019,NKE
2019,CDI.PA
2019,INTC
2019,CP.TO
2019,DUKB
2019,CME
2019,DODIX
2019,CNQ.TO
2019,DUK
2019,WM
2019,VFORX
2019,RELX
2019,CFAAX
2019,BFAFX
2019,LRCX
2019,UPS
2019,VTIVX
2019,DGE.PA
2019,DODGX
2019,KLAC
2019,VUG
2019,BTI
2019,CRWD
2019,CI
2019,IJH
2019,BP
2019,CNR.TO
2019,PBR-A
2019,SHW
2019,AJG
2019,CS.PA
2019,MDLZ
2019,GEV
2019,BNP.PA
2019,TBCIX
2019,AON
2019,CVS
2019,TRBCX
2019,HCA
2019,MCK
2019,MCO
2019,CTAS
2019,BNS.TO
2019,PABGX
2019,ORLY
2019,BAM
2019,FKINX
2019,BN
2019,RAFFX
2019,VEMAX
2019,FNCFX
2019,APH
2019,FRIAX
2019,VEXAX
2019,VIEIX
2019,MSTR
2019,MMM
2019,EQIX
2019,BBVA
2019,APO
2019,VFIFX
2019,VWIUX
2019,VWITX
2019,PH
2019,TRI
2019,TDG
2019,MFC.TO
2019,AMCPX
2019,AEM.TO
2019,NGT.TO
2019,AMPFX
2019,RACE
2019,RRBGX
2019,VPMAX
2019,GSK
2019,EFA
2019,VPMCX
2019,CM.TO
2019,DASH
2019,TT
2019,ABNB
2019,PRUFX
2019,CL
2019,RSG
2019,SE
2019,VHYAX
2019,PRGFX
2019,VYM
2019,DODFX
2019,INFY
2019,VTTVX
2019,STRK
2019,GLD
2019,SCCO
2019,FTNT
2019,ATVI
2019,NOC
2019,GD
2019,EPD
2019,WMB
2019,EQNR
2019,IBKR
2019,ITW
2019,SMCWX
2019,SCWFX
2019,RLLGX
2019,RSLAX
2019,CSPAX
2019,MSI
2019,TRSAX
2019,WCN.TO
2019,ZTS
2019,VVIAX
2019,FIWGX
2019,ECL
2019,RSP
2019,FBGRX
2019,EOG
2019,TRP.TO
2019,CDNS
2019,BMO
2019,SCHD
2019,CMG
2019,SU.TO
2019,PNC
2019,ABB
2019,SWPPX
2019,NTES
2019,RMFGX
2019,AMRFX
2019,RRGSX
2019,MFG
2019,AMFFX
2019,COF
2019,ATD.TO
2019,SNPS
2019,CP
2019,REGN
2019,DG.PA
2019,VMCIX
2019,CNQ
2019,AMOV
2019,MAR
2019,PYPL
2019,FGCKX
2019,FDGRX
2019,APD
2019,USB
2019,BDX
2019,CEG
2019,IWM
2019,BDXA
2019,VWO
2019,NGG
2019,ET
2019,DELL
2019,AZO
2019,KMI
2019,JD
2019,ROP
2019,PXD
2019,WDAY
2019,IEMG
2019,CNWAX
2019,NEWFX
2019,NWFFX
2019,NFFFX
2019,FXNAX
2019,OKE
2019,AMPCX
2019,EMR
2019,CNI
2019,BHP
2019,VMW
2019,AFL
2019,L.TO
2019,VWNAX
2019,ING
2019,VWNFX
2019,CRH
2019,BK
2019,TRV
2019,VEIPX
2019,VEIRX
2019,IJR
2019,CCZ
2019,VBIRX
2019,BSV
2019,SPLG
2019,MEIKX
2019,MEIIX
2019,MEIAX
2019,VBIAX
2019,BNS
2019,VBINX
2019,VBAIX
2019,DEO
2019,FDX
2019,AEP
2019,SLB.PA
2019,LYG
2019,FBALX
2019,MNST
2018,AAPL
2018,MSFT
2018,NVDA
2018,VSMPX
2018,AMZN
2018,GOOG
2018,GOOGL
2018,META
2018,VOO
2018,VFIAX
2018,BRK-A
2018,BRK-B
2018,VITSX
2018,VTSAX
2018,TSM
2018,TSLA
2018,AVGO
2018,LLY
2018,WMT
2018,JPM
2018,V
2018,FXAIX
2018,VTI
2018,IVV
2018,XOM
2018,SPY
2018,MA
2018,UNH
2018,VXUS
2018,VTPSX
2018,VTIAX
2018,COST
2018,PG
2018,ORCL
2018,NFLX
2018,JNJ
2018,ABBV
2018,HD
2018,VBTLX
2018,VBMFX
2018,BND
2018,VBMPX
2018,VMCPX
2018,VTBNX
2018,BABA
2018,BAC
2018,SAP
2018,VINIX
2018,VIIIX
2018,KO
2018,TMUS
2018,VIMAX
2018,NVO
2018,CVX
2018,MC.PA
2018,ASML
2018,MRK.PA
2018,CRM
2018,RMS.PA
2018,RGAGX
2018,GAFFX
2018,AGTHX
2018,GFAFX
2018,CSCO
2018,PM
2018,CGFAX
2018,BALFX
2018,ABALX
2018,FIYY
2018,AFMBX
2018,CLBAX
2018,RLBGX
2018,AMBFX
2018,VZA
2018,WFC
2018,IBM
2018,RY.TO
2018,ABT
2018,TM
2018,AZN
2018,MCD
2018,RGABX
2018,LIN
2018,MRK
2018,GE
2018,RGAAX
2018,NVS
2018,RY-PZ.TO
2018,FFEU
2018,GFACX
2018,VEA
2018,VTMNX
2018,VTMGX
2018,PEP
2018,T
2018,HSBC
2018,VEMRX
2018,TBB
2018,PLTR
2018,VEMPX
2018,VB
2018,ACN
2018,VZ
2018,AXP
2018,OR.PA
2018,VTV
2018,MS
2018,BX
2018,QQQ
2018,TMO
2018,SHOP.TO
2018,PONPX
2018,PIMIX
2018,ISRG
2018,RTX
2018,DIS
2018,VO
2018,INTU
2018,GNE.PA
2018,TD-PFK.TO
2018,GS
2018,QCOM
2018,NOW
2018,PGR
2018,AMD
2018,HDB
2018,AMGN
2018,TD-PFI.TO
2018,ADBE
2018,TXN
2018,RY
2018,SPGI
2018,CATR.PA
2018,VIGIX
2018,VIGAX
2018,CAT
2018,FCNKX
2018,FCNTX
2018,AICFX
2018,RICAX
2018,RICBX
2018,FFICX
2018,AIVSX
2018,AICCX
2018,CICAX
2018,MUFG
2018,BKNG
2018,UBER
2018,SONY
2018,BSX
2018,UL
2018,FCTDX
2018,TD.TO
2018,BLK
2018,FNPFX
2018,RNPGX
2018,NEE
2018,ANWPX
2018,NPFFX
2018,DHR
2018,RFNCX
2018,TTE
2018,SYK
2018,FUNFX
2018,AFIFX
2018,CFNAX
2018,ANCFX
2018,UNP
2018,TD-PFL.TO
2018,VGSLX
2018,SCHW
2018,PFE
2018,ENB.TO
2018,GILD
2018,CMCSA
2018,HON
2018,AWSHX
2018,RWMFX
2018,CWMAX
2018,TJX
2018,WSHFX
2018,WSHCX
2018,RWMBX
2018,COP
2018,SNY
2018,C
2018,LOW
2018,AMECX
2018,AEPGX
2018,RERGX
2018,RIDGX
2018,FIFAX
2018,IFAFX
2018,DE
2018,AEGFX
2018,RERHX
2018,AEPFX
2018,CWGFX
2018,AIR.PA
2018,RWICX
2018,CWIAX
2018,CWGIX
2018,IEFA
2018,SHOP
2018,BA
2018,TTE.PA
2018,ADP
2018,FI
2018,VRTX
2018,AGG
2018,EL.PA
2018,SAN.PA
2018,JJEB
2018,BMY
2018,CB
2018,BUD
2018,SU.PA
2018,MMC
2018,DOXGX
2018,AMAT
2018,BAM.TO
2018,BN.TO
2018,ANTM
2018,MDT
2018,PANW
2018,VWELX
2018,VWENX
2018,ARM
2018,COWB
2018,TRI.TO
2018,JJTB
2018,BALB
2018,SBUX
2018,JJGB
2018,CAIBX
2018,RIRGX
2018,CIRAX
2018,CIBFX
2018,SPOT
2018,IBN
2018,SHEL
2018,ETN
2018,JJAB
2018,BJJN
2018,VDADX
2018,JJUB
2018,VIG
2018,FSKAX
2018,LMT
2018,JLGMX
2018,JLGRX
2018,SEEGX
2018,OLGAX
2018,KKR
2018,VTTHX
2018,TD
2018,IWF
2018,PLD
2018,VSCIX
2018,VSMAX
2018,JJSB
2018,SAN
2018,AMT
2018,AI.PA
2018,JJPB
2018,SGGB
2018,VTIFX
2018,BNDX
2018,VTABX
2018,SOJD
2018,SAF.PA
2018,SO
2018,SOJE
2018,BMO.TO
2018,SOJC
2018,JJMB
2018,JJCB
2018,MO
2018,MU
2018,ANET
2018,WELL
2018,RY-PT
2018,ADI
2018,ICE
2018,VGT
2018,ELV
2018,VTHRX
2018,RIO
2018,BJO
2018,CSU.TO
2018,VITAX
2018,ENB
2018,MELI
2018,PGMB
2018,SMFG
2018,UBS
2018,APP
2018,NKE
2018,CDI.PA
2018,INTC
2018,CP.TO
2018,DUKB
2018,CME
2018,DODIX
2018,CNQ.TO
2018,DUK
2018,WM
2018,VFORX
2018,RELX
2018,CFAAX
2018,BFAFX
2018,LRCX
2018,UPS
2018,VTIVX
2018,DGE.PA
2018,DODGX
2018,KLAC
2018,VUG
2018,BTI
2018,CRWD
2018,CI
2018,IJH
2018,BP
2018,CNR.TO
2018,PBR-A
2018,SHW
2018,AJG
2018,CS.PA
2018,MDLZ
2018,GEV
2018,BNP.PA
2018,TBCIX
2018,AON
2018,CVS
2018,TRBCX
2018,HCA
2018,MCK
2018,MCO
2018,CTAS
2018,BNS.TO
2018,PABGX
2018,ORLY
2018,BAM
2018,FKINX
2018,BN
2018,RAFFX
2018,VEMAX
2018,FNCFX
2018,APH
2018,FRIAX
2018,VEXAX
2018,VIEIX
2018,MSTR
2018,MMM
2018,EQIX
2018,BBVA
2018,APO
2018,VFIFX
2018,VWIUX
2018,VWITX
2018,PH
2018,TRI
2018,TDG
2018,MFC.TO
2018,AMCPX
2018,AEM.TO
2018,NGT.TO
2018,AMPFX
2018,RACE
2018,RRBGX
2018,VPMAX
2018,GSK
2018,EFA
2018,VPMCX
2018,CM.TO
2018,DASH
2018,TT
2018,ABNB
2018,PRUFX
2018,CL
2018,RSG
2018,SE
2018,VHYAX
2018,PRGFX
2018,VYM
2018,DODFX
2018,INFY
2018,VTTVX
2018,STRK
2018,GLD
2018,SCCO
2018,FTNT
2018,ATVI
2018,NOC
2018,GD
2018,EPD
2018,WMB
2018,EQNR
2018,IBKR
2018,ITW
2018,SMCWX
2018,SCWFX
2018,RLLGX
2018,RSLAX
2018,CSPAX
2018,MSI
2018,TRSAX
2018,WCN.TO
2018,ZTS
2018,VVIAX
2018,FIWGX
2018,ECL
2018,RSP
2018,FBGRX
2018,EOG
2018,TRP.TO
2018,CDNS
2018,BMO
2018,SCHD
2018,CMG
2018,SU.TO
2018,PNC
2018,ABB
2018,SWPPX
2018,NTES
2018,RMFGX
2018,AMRFX
2018,RRGSX
2018,MFG
2018,AMFFX
2018,COF
2018,ATD.TO
2018,SNPS
2018,CP
2018,REGN
2018,DG.PA
2018,VMCIX
2018,CNQ
2018,AMOV
2018,MAR
2018,PYPL
2018,FGCKX
2018,FDGRX
2018,APD
2018,USB
2018,BDX
2018,CEG
2018,IWM
2018,BDXA
2018,VWO
2018,NGG
2018,ET
2018,DELL
2018,AZO
2018,KMI
2018,JD
2018,ROP
2018,PXD
2018,WDAY
2018,IEMG
2018,CNWAX
2018,NEWFX
2018,NWFFX
2018,NFFFX
2018,FXNAX
2018,OKE
2018,AMPCX
2018,EMR
2018,CNI
2018,BHP
2018,VMW
2018,AFL
2018,L.TO
2018,VWNAX
2018,ING
2018,VWNFX
2018,CRH
2018,BK
2018,TRV
2018,VEIPX
2018,VEIRX
2018,IJR
2018,CCZ
2018,VBIRX
2018,BSV
2018,SPLG
2018,MEIKX
2018,MEIIX
2018,MEIAX
2018,VBIAX
2018,BNS
2018,VBINX
2018,VBAIX
2018,DEO
2018,FDX
2018,AEP
2018,SLB.PA
2018,LYG
2018,FBALX
2018,MNST
2017,AAPL
2017,MSFT
2017,NVDA
2017,VSMPX
2017,AMZN
2017,GOOG
2017,GOOGL
2017,META
2017,VOO
2017,VFIAX
2017,BRK-A
2017,BRK-B
2017,VITSX
2017,VTSAX
2017,TSM
2017,TSLA
2017,AVGO
2017,LLY
2017,WMT
2017,JPM
2017,V
2017,FXAIX
2017,VTI
2017,IVV
2017,XOM
2017,SPY
2017,MA
2017,UNH
2017,VXUS
2017,VTPSX
2017,VTIAX
2017,COST
2017,PG
2017,ORCL
2017,NFLX
2017,JNJ
2017,ABBV
2017,HD
2017,VBTLX
2017,VBMFX
2017,BND
2017,VBMPX
2017,VMCPX
2017,VTBNX
2017,BABA
2017,BAC
2017,SAP
2017,VINIX
2017,VIIIX
2017,KO
2017,TMUS
2017,VIMAX
2017,NVO
2017,CVX
2017,MC.PA
2017,ASML
2017,MRK.PA
2017,CRM
2017,RMS.PA
2017,RGAGX
2017,GAFFX
2017,AGTHX
2017,GFAFX
2017,CSCO
2017,PM
2017,CGFAX
2017,BALFX
2017,ABALX
2017,FIYY
2017,AFMBX
2017,CLBAX
2017,RLBGX
2017,AMBFX
2017,VZA
2017,WFC
2017,IBM
2017,RY.TO
2017,ABT
2017,TM
2017,AZN
2017,MCD
2017,RGABX
2017,LIN
2017,MRK
2017,GE
2017,RGAAX
2017,NVS
2017,RY-PZ.TO
2017,FFEU
2017,GFACX
2017,VEA
2017,VTMNX
2017,VTMGX
2017,PEP
2017,T
2017,HSBC
2017,VEMRX
2017,TBB
2017,PLTR
2017,VEMPX
2017,VB
2017,ACN
2017,VZ
2017,AXP
2017,OR.PA
2017,VTV
2017,MS
2017,BX
2017,QQQ
2017,TMO
2017,SHOP.TO
2017,PONPX
2017,PIMIX
2017,ISRG
2017,RTX
2017,DIS
2017,VO
2017,INTU
2017,GNE.PA
2017,TD-PFK.TO
2017,GS
2017,QCOM
2017,NOW
2017,PGR
2017,AMD
2017,HDB
2017,AMGN
2017,TD-PFI.TO
2017,ADBE
2017,TXN
2017,RY
2017,SPGI
2017,CATR.PA
2017,VIGIX
2017,VIGAX
2017,CAT
2017,FCNKX
2017,FCNTX
2017,AICFX
2017,RICAX
2017,RICBX
2017,FFICX
2017,AIVSX
2017,AICCX
2017,CICAX
2017,MUFG
2017,BKNG
2017,UBER
2017,SONY
2017,BSX
2017,UL
2017,FCTDX
2017,TD.TO
2017,BLK
2017,FNPFX
2017,RNPGX
2017,NEE
2017,ANWPX
2017,NPFFX
2017,DHR
2017,RFNCX
2017,TTE
2017,SYK
2017,FUNFX
2017,AFIFX
2017,CFNAX
2017,ANCFX
2017,UNP
2017,TD-PFL.TO
2017,VGSLX
2017,SCHW
2017,PFE
2017,ENB.TO
2017,GILD
2017,CMCSA
2017,HON
2017,AWSHX
2017,RWMFX
2017,CWMAX
2017,TJX
2017,WSHFX
2017,WSHCX
2017,RWMBX
2017,COP
2017,SNY
2017,C
2017,LOW
2017,AMECX
2017,AEPGX
2017,RERGX
2017,RIDGX
2017,FIFAX
2017,IFAFX
2017,DE
2017,AEGFX
2017,RERHX
2017,AEPFX
2017,CWGFX
2017,AIR.PA
2017,RWICX
2017,CWIAX
2017,CWGIX
2017,IEFA
2017,SHOP
2017,BA
2017,TTE.PA
2017,ADP
2017,FI
2017,VRTX
2017,AGG
2017,EL.PA
2017,SAN.PA
2017,JJEB
2017,BMY
2017,CB
2017,BUD
2017,SU.PA
2017,MMC
2017,DOXGX
2017,AMAT
2017,BAM.TO
2017,BN.TO
2017,ANTM
2017,MDT
2017,PANW
2017,VWELX
2017,VWENX
2017,ARM
2017,COWB
2017,TRI.TO
2017,JJTB
2017,BALB
2017,SBUX
2017,JJGB
2017,CAIBX
2017,RIRGX
2017,CIRAX
2017,CIBFX
2017,SPOT
2017,IBN
2017,SHEL
2017,ETN
2017,JJAB
2017,BJJN
2017,VDADX
2017,JJUB
2017,VIG
2017,FSKAX
2017,LMT
2017,JLGMX
2017,JLGRX
2017,SEEGX
2017,OLGAX
2017,KKR
2017,VTTHX
2017,TD
2017,IWF
2017,PLD
2017,VSCIX
2017,VSMAX
2017,JJSB
2017,SAN
2017,AMT
2017,AI.PA
2017,JJPB
2017,SGGB
2017,VTIFX
2017,BNDX
2017,VTABX
2017,SOJD
2017,SAF.PA
2017,SO
2017,SOJE
2017,BMO.TO
2017,SOJC
2017,JJMB
2017,JJCB
2017,MO
2017,MU
2017,ANET
2017,WELL
2017,RY-PT
2017,ADI
2017,ICE
2017,VGT
2017,ELV
2017,VTHRX
2017,RIO
2017,BJO
2017,CSU.TO
2017,VITAX
2017,ENB
2017,MELI
2017,PGMB
2017,SMFG
2017,UBS
2017,APP
2017,NKE
2017,CDI.PA
2017,INTC
2017,CP.TO
2017,DUKB
2017,CME
2017,DODIX
2017,CNQ.TO
2017,DUK
2017,WM
2017,VFORX
2017,RELX
2017,CFAAX
2017,BFAFX
2017,LRCX
2017,UPS
2017,VTIVX
2017,DGE.PA
2017,DODGX
2017,KLAC
2017,VUG
2017,BTI
2017,CRWD
2017,CI
2017,IJH
2017,BP
2017,CNR.TO
2017,PBR-A
2017,SHW
2017,AJG
2017,CS.PA
2017,MDLZ
2017,GEV
2017,BNP.PA
2017,TBCIX
2017,AON
2017,CVS
2017,TRBCX
2017,HCA
2017,MCK
2017,MCO
2017,CTAS
2017,BNS.TO
2017,PABGX
2017,ORLY
2017,BAM
2017,FKINX
2017,BN
2017,RAFFX
2017,VEMAX
2017,FNCFX
2017,APH
2017,FRIAX
2017,VEXAX
2017,VIEIX
2017,MSTR
2017,MMM
2017,EQIX
2017,BBVA
2017,APO
2017,VFIFX
2017,VWIUX
2017,VWITX
2017,PH
2017,TRI
2017,TDG
2017,MFC.TO
2017,AMCPX
2017,AEM.TO
2017,NGT.TO
2017,AMPFX
2017,RACE
2017,RRBGX
2017,VPMAX
2017,GSK
2017,EFA
2017,VPMCX
2017,CM.TO
2017,DASH
2017,TT
2017,ABNB
2017,PRUFX
2017,CL
2017,RSG
2017,SE
2017,VHYAX
2017,PRGFX
2017,VYM
2017,DODFX
2017,INFY
2017,VTTVX
2017,STRK
2017,GLD
2017,SCCO
2017,FTNT
2017,ATVI
2017,NOC
2017,GD
2017,EPD
2017,WMB
2017,EQNR
2017,IBKR
2017,ITW
2017,SMCWX
2017,SCWFX
2017,RLLGX
2017,RSLAX
2017,CSPAX
2017,MSI
2017,TRSAX
2017,WCN.TO
2017,ZTS
2017,VVIAX
2017,FIWGX
2017,ECL
2017,RSP
2017,FBGRX
2017,EOG
2017,TRP.TO
2017,CDNS
2017,BMO
2017,SCHD
2017,CMG
2017,SU.TO
2017,PNC
2017,ABB
2017,SWPPX
2017,NTES
2017,RMFGX
2017,AMRFX
2017,RRGSX
2017,MFG
2017,AMFFX
2017,COF
2017,ATD.TO
2017,SNPS
2017,CP
2017,REGN
2017,DG.PA
2017,VMCIX
2017,CNQ
2017,AMOV
2017,MAR
2017,PYPL
2017,FGCKX
2017,FDGRX
2017,APD
2017,USB
2017,BDX
2017,CEG
2017,IWM
2017,BDXA
2017,VWO
2017,NGG
2017,ET
2017,DELL
2017,AZO
2017,KMI
2017,JD
2017,ROP
2017,PXD
2017,WDAY
2017,IEMG
2017,CNWAX
2017,NEWFX
2017,NWFFX
2017,NFFFX
2017,FXNAX
2017,OKE
2017,AMPCX
2017,EMR
2017,CNI
2017,BHP
2017,VMW
2017,AFL
2017,L.TO
2017,VWNAX
2017,ING
2017,VWNFX
2017,CRH
2017,BK
2017,TRV
2017,VEIPX
2017,VEIRX
2017,IJR
2017,CCZ
2017,VBIRX
2017,BSV
2017,SPLG
2017,MEIKX
2017,MEIIX
2017,MEIAX
2017,VBIAX
2017,BNS
2017,VBINX
2017,VBAIX
2017,DEO
2017,FDX
2017,AEP
2017,SLB.PA
2017,LYG
2017,FBALX
2017,MNST
2016,AAPL
2016,MSFT
2016,NVDA
2016,VSMPX
2016,AMZN
2016,GOOG
2016,GOOGL
2016,META
2016,VOO
2016,VFIAX
2016,BRK-A
2016,BRK-B
2016,VITSX
2016,VTSAX
2016,TSM
2016,TSLA
2016,AVGO
2016,LLY
2016,WMT
2016,JPM
2016,V
2016,FXAIX
2016,VTI
2016,IVV
2016,XOM
2016,SPY
2016,MA
2016,UNH
2016,VXUS
2016,VTPSX
2016,VTIAX
2016,COST
2016,PG
2016,ORCL
2016,NFLX
2016,JNJ
2016,ABBV
2016,HD
2016,VBTLX
2016,VBMFX
2016,BND
2016,VBMPX
2016,VMCPX
2016,VTBNX
2016,BABA
2016,BAC
2016,SAP
2016,VINIX
2016,VIIIX
2016,KO
2016,TMUS
2016,VIMAX
2016,NVO
2016,CVX
2016,MC.PA
2016,ASML
2016,MRK.PA
2016,CRM
2016,RMS.PA
2016,RGAGX
2016,GAFFX
2016,AGTHX
2016,GFAFX
2016,CSCO
2016,PM
2016,CGFAX
2016,BALFX
2016,ABALX
2016,FIYY
2016,AFMBX
2016,CLBAX
2016,RLBGX
2016,AMBFX
2016,VZA
2016,WFC
2016,IBM
2016,RY.TO
2016,ABT
2016,TM
2016,AZN
2016,MCD
2016,RGABX
2016,LIN
2016,MRK
2016,GE
2016,RGAAX
2016,NVS
2016,RY-PZ.TO
2016,FFEU
2016,GFACX
2016,VEA
2016,VTMNX
2016,VTMGX
2016,PEP
2016,T
2016,HSBC
2016,VEMRX
2016,TBB
2016,PLTR
2016,VEMPX
2016,VB
2016,ACN
2016,VZ
2016,AXP
2016,OR.PA
2016,VTV
2016,MS
2016,BX
2016,QQQ
2016,TMO
2016,SHOP.TO
2016,PONPX
2016,PIMIX
2016,ISRG
2016,RTX
2016,DIS
2016,VO
2016,INTU
2016,GNE.PA
2016,TD-PFK.TO
2016,GS
2016,QCOM
2016,NOW
2016,PGR
2016,AMD
2016,HDB
2016,AMGN
2016,TD-PFI.TO
2016,ADBE
2016,TXN
2016,RY
2016,SPGI
2016,CATR.PA
2016,VIGIX
2016,VIGAX
2016,CAT
2016,FCNKX
2016,FCNTX
2016,AICFX
2016,RICAX
2016,RICBX
2016,FFICX
2016,AIVSX
2016,AICCX
2016,CICAX
2016,MUFG
2016,BKNG
2016,UBER
2016,SONY
2016,BSX
2016,UL
2016,FCTDX
2016,TD.TO
2016,BLK
2016,FNPFX
2016,RNPGX
2016,NEE
2016,ANWPX
2016,NPFFX
2016,DHR
2016,RFNCX
2016,TTE
2016,SYK
2016,FUNFX
2016,AFIFX
2016,CFNAX
2016,ANCFX
2016,UNP
2016,TD-PFL.TO
2016,VGSLX
2016,SCHW
2016,PFE
2016,ENB.TO
2016,GILD
2016,CMCSA
2016,HON
2016,AWSHX
2016,RWMFX
2016,CWMAX
2016,TJX
2016,WSHFX
2016,WSHCX
2016,RWMBX
2016,COP
2016,SNY
2016,C
2016,LOW
2016,AMECX
2016,AEPGX
2016,RERGX
2016,RIDGX
2016,FIFAX
2016,IFAFX
2016,DE
2016,AEGFX
2016,RERHX
2016,AEPFX
2016,CWGFX
2016,AIR.PA
2016,RWICX
2016,CWIAX
2016,CWGIX
2016,IEFA
2016,SHOP
2016,BA
2016,TTE.PA
2016,ADP
2016,FI
2016,VRTX
2016,AGG
2016,EL.PA
2016,SAN.PA
2016,JJEB
2016,BMY
2016,CB
2016,BUD
2016,SU.PA
2016,MMC
2016,DOXGX
2016,AMAT
2016,BAM.TO
2016,BN.TO
2016,ANTM
2016,MDT
2016,PANW
2016,VWELX
2016,VWENX
2016,ARM
2016,COWB
2016,TRI.TO
2016,JJTB
2016,BALB
2016,SBUX
2016,JJGB
2016,CAIBX
2016,RIRGX
2016,CIRAX
2016,CIBFX
2016,SPOT
2016,IBN
2016,SHEL
2016,ETN
2016,JJAB
2016,BJJN
2016,VDADX
2016,JJUB
2016,VIG
2016,FSKAX
2016,LMT
2016,JLGMX
2016,JLGRX
2016,SEEGX
2016,OLGAX
2016,KKR
2016,VTTHX
2016,TD
2016,IWF
2016,PLD
2016,VSCIX
2016,VSMAX
2016,JJSB
2016,SAN
2016,AMT
2016,AI.PA
2016,JJPB
2016,SGGB
2016,VTIFX
2016,BNDX
2016,VTABX
2016,SOJD
2016,SAF.PA
2016,SO
2016,SOJE
2016,BMO.TO
2016,SOJC
2016,JJMB
2016,JJCB
2016,MO
2016,MU
2016,ANET
2016,WELL
2016,RY-PT
2016,ADI
2016,ICE
2016,VGT
2016,ELV
2016,VTHRX
2016,RIO
2016,BJO
2016,CSU.TO
2016,VITAX
2016,ENB
2016,MELI
2016,PGMB
2016,SMFG
2016,UBS
2016,APP
2016,NKE
2016,CDI.PA
2016,INTC
2016,CP.TO
2016,DUKB
2016,CME
2016,DODIX
2016,CNQ.TO
2016,DUK
2016,WM
2016,VFORX
2016,RELX
2016,CFAAX
2016,BFAFX
2016,LRCX
2016,UPS
2016,VTIVX
2016,DGE.PA
2016,DODGX
2016,KLAC
2016,VUG
2016,BTI
2016,CRWD
2016,CI
2016,IJH
2016,BP
2016,CNR.TO
2016,PBR-A
2016,SHW
2016,AJG
2016,CS.PA
2016,MDLZ
2016,GEV
2016,BNP.PA
2016,TBCIX
2016,AON
2016,CVS
2016,TRBCX
2016,HCA
2016,MCK
2016,MCO
2016,CTAS
2016,BNS.TO
2016,PABGX
2016,ORLY
2016,BAM
2016,FKINX
2016,BN
2016,RAFFX
2016,VEMAX
2016,FNCFX
2016,APH
2016,FRIAX
2016,VEXAX
2016,VIEIX
2016,MSTR
2016,MMM
2016,EQIX
2016,BBVA
2016,APO
2016,VFIFX
2016,VWIUX
2016,VWITX
2016,PH
2016,TRI
2016,TDG
2016,MFC.TO
2016,AMCPX
2016,AEM.TO
2016,NGT.TO
2016,AMPFX
2016,RACE
2016,RRBGX
2016,VPMAX
2016,GSK
2016,EFA
2016,VPMCX
2016,CM.TO
2016,DASH
2016,TT
2016,ABNB
2016,PRUFX
2016,CL
2016,RSG
2016,SE
2016,VHYAX
2016,PRGFX
2016,VYM
2016,DODFX
2016,INFY
2016,VTTVX
2016,STRK
2016,GLD
2016,SCCO
2016,FTNT
2016,ATVI
2016,NOC
2016,GD
2016,EPD
2016,WMB
2016,EQNR
2016,IBKR
2016,ITW
2016,SMCWX
2016,SCWFX
2016,RLLGX
2016,RSLAX
2016,CSPAX
2016,MSI
2016,TRSAX
2016,WCN.TO
2016,ZTS
2016,VVIAX
2016,FIWGX
2016,ECL
2016,RSP
2016,FBGRX
2016,EOG
2016,TRP.TO
2016,CDNS
2016,BMO
2016,SCHD
2016,CMG
2016,SU.TO
2016,PNC
2016,ABB
2016,SWPPX
2016,NTES
2016,RMFGX
2016,AMRFX
2016,RRGSX
2016,MFG
2016,AMFFX
2016,COF
2016,ATD.TO
2016,SNPS
2016,CP
2016,REGN
2016,DG.PA
2016,VMCIX
2016,CNQ
2016,AMOV
2016,MAR
2016,PYPL
2016,FGCKX
2016,FDGRX
2016,APD
2016,USB
2016,BDX
2016,CEG
2016,IWM
2016,BDXA
2016,VWO
2016,NGG
2016,ET
2016,DELL
2016,AZO
2016,KMI
2016,JD
2016,ROP
2016,PXD
2016,WDAY
2016,IEMG
2016,CNWAX
2016,NEWFX
2016,NWFFX
2016,NFFFX
2016,FXNAX
2016,OKE
2016,AMPCX
2016,EMR
2016,CNI
2016,BHP
2016,VMW
2016,AFL
2016,L.TO
2016,VWNAX
2016,ING
2016,VWNFX
2016,CRH
2016,BK
2016,TRV
2016,VEIPX
2016,VEIRX
2016,IJR
2016,CCZ
2016,VBIRX
2016,BSV
2016,SPLG
2016,MEIKX
2016,MEIIX
2016,MEIAX
2016,VBIAX
2016,BNS
2016,VBINX
2016,VBAIX
2016,DEO
2016,FDX
2016,AEP
2016,SLB.PA
2016,LYG
2016,FBALX
2016,MNST
2015,AAPL
2015,MSFT
2015,NVDA
2015,VSMPX
2015,AMZN
2015,GOOG
2015,GOOGL
2015,META
2015,VOO
2015,VFIAX
2015,BRK-A
2015,BRK-B
2015,VITSX
2015,VTSAX
2015,TSM
2015,TSLA
2015,AVGO
2015,LLY
2015,WMT
2015,JPM
2015,V
2015,FXAIX
2015,VTI
2015,IVV
2015,XOM
2015,SPY
2015,MA
2015,UNH
2015,VXUS
2015,VTPSX
2015,VTIAX
2015,COST
2015,PG
2015,ORCL
2015,NFLX
2015,JNJ
2015,ABBV
2015,HD
2015,VBTLX
2015,VBMFX
2015,BND
2015,VBMPX
2015,VMCPX
2015,VTBNX
2015,BABA
2015,BAC
2015,SAP
2015,VINIX
2015,VIIIX
2015,KO
2015,TMUS
2015,VIMAX
2015,NVO
2015,CVX
2015,MC.PA
2015,ASML
2015,MRK.PA
2015,CRM
2015,RMS.PA
2015,RGAGX
2015,GAFFX
2015,AGTHX
2015,GFAFX
2015,CSCO
2015,PM
2015,CGFAX
2015,BALFX
2015,ABALX
2015,FIYY
2015,AFMBX
2015,CLBAX
2015,RLBGX
2015,AMBFX
2015,VZA
2015,WFC
2015,IBM
2015,RY.TO
2015,ABT
2015,TM
2015,AZN
2015,MCD
2015,RGABX
2015,LIN
2015,MRK
2015,GE
2015,RGAAX
2015,NVS
2015,RY-PZ.TO
2015,FFEU
2015,GFACX
2015,VEA
2015,VTMNX
2015,VTMGX
2015,PEP
2015,T
2015,HSBC
2015,VEMRX
2015,TBB
2015,PLTR
2015,VEMPX
2015,VB
2015,ACN
2015,VZ
2015,AXP
2015,OR.PA
2015,VTV
2015,MS
2015,BX
2015,QQQ
2015,TMO
2015,SHOP.TO
2015,PONPX
2015,PIMIX
2015,ISRG
2015,RTX
2015,DIS
2015,VO
2015,INTU
2015,GNE.PA
2015,TD-PFK.TO
2015,GS
2015,QCOM
2015,NOW
2015,PGR
2015,AMD
2015,HDB
2015,AMGN
2015,TD-PFI.TO
2015,ADBE
2015,TXN
2015,RY
2015,SPGI
2015,CATR.PA
2015,VIGIX
2015,VIGAX
2015,CAT
2015,FCNKX
2015,FCNTX
2015,AICFX
2015,RICAX
2015,RICBX
2015,FFICX
2015,AIVSX
2015,AICCX
2015,CICAX
2015,MUFG
2015,BKNG
2015,UBER
2015,SONY
2015,BSX
2015,UL
2015,FCTDX
2015,TD.TO
2015,BLK
2015,FNPFX
2015,RNPGX
2015,NEE
2015,ANWPX
2015,NPFFX
2015,DHR
2015,RFNCX
2015,TTE
2015,SYK
2015,FUNFX
2015,AFIFX
2015,CFNAX
2015,ANCFX
2015,UNP
2015,TD-PFL.TO
2015,VGSLX
2015,SCHW
2015,PFE
2015,ENB.TO
2015,GILD
2015,CMCSA
2015,HON
2015,AWSHX
2015,RWMFX
2015,CWMAX
2015,TJX
2015,WSHFX
2015,WSHCX
2015,RWMBX
2015,COP
2015,SNY
2015,C
2015,LOW
2015,AMECX
2015,AEPGX
2015,RERGX
2015,RIDGX
2015,FIFAX
2015,IFAFX
2015,DE
2015,AEGFX
2015,RERHX
2015,AEPFX
2015,CWGFX
2015,AIR.PA
2015,RWICX
2015,CWIAX
2015,CWGIX
2015,IEFA
2015,SHOP
2015,BA
2015,TTE.PA
2015,ADP
2015,FI
2015,VRTX
2015,AGG
2015,EL.PA
2015,SAN.PA
2015,JJEB
2015,BMY
2015,CB
2015,BUD
2015,SU.PA
2015,MMC
2015,DOXGX
2015,AMAT
2015,BAM.TO
2015,BN.TO
2015,ANTM
2015,MDT
2015,PANW
2015,VWELX
2015,VWENX
2015,ARM
2015,COWB
2015,TRI.TO
2015,JJTB
2015,BALB
2015,SBUX
2015,JJGB
2015,CAIBX
2015,RIRGX
2015,CIRAX
2015,CIBFX
2015,SPOT
2015,IBN
2015,SHEL
2015,ETN
2015,JJAB
2015,BJJN
2015,VDADX
2015,JJUB
2015,VIG
2015,FSKAX
2015,LMT
2015,JLGMX
2015,JLGRX
2015,SEEGX
2015,OLGAX
2015,KKR
2015,VTTHX
2015,TD
2015,IWF
2015,PLD
2015,VSCIX
2015,VSMAX
2015,JJSB
2015,SAN
2015,AMT
2015,AI.PA
2015,JJPB
2015,SGGB
2015,VTIFX
2015,BNDX
2015,VTABX
2015,SOJD
2015,SAF.PA
2015,SO
2015,SOJE
2015,BMO.TO
2015,SOJC
2015,JJMB
2015,JJCB
2015,MO
2015,MU
2015,ANET
2015,WELL
2015,RY-PT
2015,ADI
2015,ICE
2015,VGT
2015,ELV
2015,VTHRX
2015,RIO
2015,BJO
2015,CSU.TO
2015,VITAX
2015,ENB
2015,MELI
2015,PGMB
2015,SMFG
2015,UBS
2015,APP
2015,NKE
2015,CDI.PA
2015,INTC
2015,CP.TO
2015,DUKB
2015,CME
2015,DODIX
2015,CNQ.TO
2015,DUK
2015,WM
2015,VFORX
2015,RELX
2015,CFAAX
2015,BFAFX
2015,LRCX
2015,UPS
2015,VTIVX
2015,DGE.PA
2015,DODGX
2015,KLAC
2015,VUG
2015,BTI
2015,CRWD
2015,CI
2015,IJH
2015,BP
2015,CNR.TO
2015,PBR-A
2015,SHW
2015,AJG
2015,CS.PA
2015,MDLZ
2015,GEV
2015,BNP.PA
2015,TBCIX
2015,AON
2015,CVS
2015,TRBCX
2015,HCA
2015,MCK
2015,MCO
2015,CTAS
2015,BNS.TO
2015,PABGX
2015,ORLY
2015,BAM
2015,FKINX
2015,BN
2015,RAFFX
2015,VEMAX
2015,FNCFX
2015,APH
2015,FRIAX
2015,VEXAX
2015,VIEIX
2015,MSTR
2015,MMM
2015,EQIX
2015,BBVA
2015,APO
2015,VFIFX
2015,VWIUX
2015,VWITX
2015,PH
2015,TRI
2015,TDG
2015,MFC.TO
2015,AMCPX
2015,AEM.TO
2015,NGT.TO
2015,AMPFX
2015,RACE
2015,RRBGX
2015,VPMAX
2015,GSK
2015,EFA
2015,VPMCX
2015,CM.TO
2015,DASH
2015,TT
2015,ABNB
2015,PRUFX
2015,CL
2015,RSG
2015,SE
2015,VHYAX
2015,PRGFX
2015,VYM
2015,DODFX
2015,INFY
2015,VTTVX
2015,STRK
2015,GLD
2015,SCCO
2015,FTNT
2015,ATVI
2015,NOC
2015,GD
2015,EPD
2015,WMB
2015,EQNR
2015,IBKR
2015,ITW
2015,SMCWX
2015,SCWFX
2015,RLLGX
2015,RSLAX
2015,CSPAX
2015,MSI
2015,TRSAX
2015,WCN.TO
2015,ZTS
2015,VVIAX
2015,FIWGX
2015,ECL
2015,RSP
2015,FBGRX
2015,EOG
2015,TRP.TO
2015,CDNS
2015,BMO
2015,SCHD
2015,CMG
2015,SU.TO
2015,PNC
2015,ABB
2015,SWPPX
2015,NTES
2015,RMFGX
2015,AMRFX
2015,RRGSX
2015,MFG
2015,AMFFX
2015,COF
2015,ATD.TO
2015,SNPS
2015,CP
2015,REGN
2015,DG.PA
2015,VMCIX
2015,CNQ
2015,AMOV
2015,MAR
2015,PYPL
2015,FGCKX
2015,FDGRX
2015,APD
2015,USB
2015,BDX
2015,CEG
2015,IWM
2015,BDXA
2015,VWO
2015,NGG
2015,ET
2015,DELL
2015,AZO
2015,KMI
2015,JD
2015,ROP
2015,PXD
2015,WDAY
2015,IEMG
2015,CNWAX
2015,NEWFX
2015,NWFFX
2015,NFFFX
2015,FXNAX
2015,OKE
2015,AMPCX
2015,EMR
2015,CNI
2015,BHP
2015,VMW
2015,AFL
2015,L.TO
2015,VWNAX
2015,ING
2015,VWNFX
2015,CRH
2015,BK
2015,TRV
2015,VEIPX
2015,VEIRX
2015,IJR
2015,CCZ
2015,VBIRX
2015,BSV
2015,SPLG
2015,MEIKX
2015,MEIIX
2015,MEIAX
2015,VBIAX
2015,BNS
2015,VBINX
2015,VBAIX
2015,DEO
2015,FDX
2015,AEP
2015,SLB.PA
2015,LYG
2015,FBALX
2015,MNST
2014,AAPL
2014,MSFT
2014,NVDA
2014,VSMPX
2014,AMZN
2014,GOOG
2014,GOOGL
2014,META
2014,VOO
2014,VFIAX
2014,BRK-A
2014,BRK-B
2014,VITSX
2014,VTSAX
2014,TSM
2014,TSLA
2014,AVGO
2014,LLY
2014,WMT
2014,JPM
2014,V
2014,FXAIX
2014,VTI
2014,IVV
2014,XOM
2014,SPY
2014,MA
2014,UNH
2014,VXUS
2014,VTPSX
2014,VTIAX
2014,COST
2014,PG
2014,ORCL
2014,NFLX
2014,JNJ
2014,ABBV
2014,HD
2014,VBTLX
2014,VBMFX
2014,BND
2014,VBMPX
2014,VMCPX
2014,VTBNX
2014,BABA
2014,BAC
2014,SAP
2014,VINIX
2014,VIIIX
2014,KO
2014,TMUS
2014,VIMAX
2014,NVO
2014,CVX
2014,MC.PA
2014,ASML
2014,MRK.PA
2014,CRM
2014,RMS.PA
2014,RGAGX
2014,GAFFX
2014,AGTHX
2014,GFAFX
2014,CSCO
2014,PM
2014,CGFAX
2014,BALFX
2014,ABALX
2014,FIYY
2014,AFMBX
2014,CLBAX
2014,RLBGX
2014,AMBFX
2014,VZA
2014,WFC
2014,IBM
2014,RY.TO
2014,ABT
2014,TM
2014,AZN
2014,MCD
2014,RGABX
2014,LIN
2014,MRK
2014,GE
2014,RGAAX
2014,NVS
2014,RY-PZ.TO
2014,FFEU
2014,GFACX
2014,VEA
2014,VTMNX
2014,VTMGX
2014,PEP
2014,T
2014,HSBC
2014,VEMRX
2014,TBB
2014,PLTR
2014,VEMPX
2014,VB
2014,ACN
2014,VZ
2014,AXP
2014,OR.PA
2014,VTV
2014,MS
2014,BX
2014,QQQ
2014,TMO
2014,SHOP.TO
2014,PONPX
2014,PIMIX
2014,ISRG
2014,RTX
2014,DIS
2014,VO
2014,INTU
2014,GNE.PA
2014,TD-PFK.TO
2014,GS
2014,QCOM
2014,NOW
2014,PGR
2014,AMD
2014,HDB
2014,AMGN
2014,TD-PFI.TO
2014,ADBE
2014,TXN
2014,RY
2014,SPGI
2014,CATR.PA
2014,VIGIX
2014,VIGAX
2014,CAT
2014,FCNKX
2014,FCNTX
2014,AICFX
2014,RICAX
2014,RICBX
2014,FFICX
2014,AIVSX
2014,AICCX
2014,CICAX
2014,MUFG
2014,BKNG
2014,UBER
2014,SONY
2014,BSX
2014,UL
2014,FCTDX
2014,TD.TO
2014,BLK
2014,FNPFX
2014,RNPGX
2014,NEE
2014,ANWPX
2014,NPFFX
2014,DHR
2014,RFNCX
2014,TTE
2014,SYK
2014,FUNFX
2014,AFIFX
2014,CFNAX
2014,ANCFX
2014,UNP
2014,TD-PFL.TO
2014,VGSLX
2014,SCHW
2014,PFE
2014,ENB.TO
2014,GILD
2014,CMCSA
2014,HON
2014,AWSHX
2014,RWMFX
2014,CWMAX
2014,TJX
2014,WSHFX
2014,WSHCX
2014,RWMBX
2014,COP
2014,SNY
2014,C
2014,LOW
2014,AMECX
2014,AEPGX
2014,RERGX
2014,RIDGX
2014,FIFAX
2014,IFAFX
2014,DE
2014,AEGFX
2014,RERHX
2014,AEPFX
2014,CWGFX
2014,AIR.PA
2014,RWICX
2014,CWIAX
2014,CWGIX
2014,IEFA
2014,SHOP
2014,BA
2014,TTE.PA
2014,ADP
2014,FI
2014,VRTX
2014,AGG
2014,EL.PA
2014,SAN.PA
2014,JJEB
2014,BMY
2014,CB
2014,BUD
2014,SU.PA
2014,MMC
2014,DOXGX
2014,AMAT
2014,BAM.TO
2014,BN.TO
2014,ANTM
2014,MDT
2014,PANW
2014,VWELX
2014,VWENX
2014,ARM
2014,COWB
2014,TRI.TO
2014,JJTB
2014,BALB
2014,SBUX
2014,JJGB
2014,CAIBX
2014,RIRGX
2014,CIRAX
2014,CIBFX
2014,SPOT
2014,IBN
2014,SHEL
2014,ETN
2014,JJAB
2014,BJJN
2014,VDADX
2014,JJUB
2014,VIG
2014,FSKAX
2014,LMT
2014,JLGMX
2014,JLGRX
2014,SEEGX
2014,OLGAX
2014,KKR
2014,VTTHX
2014,TD
2014,IWF
2014,PLD
2014,VSCIX
2014,VSMAX
2014,JJSB
2014,SAN
2014,AMT
2014,AI.PA
2014,JJPB
2014,SGGB
2014,VTIFX
2014,BNDX
2014,VTABX
2014,SOJD
2014,SAF.PA
2014,SO
2014,SOJE
2014,BMO.TO
2014,SOJC
2014,JJMB
2014,JJCB
2014,MO
2014,MU
2014,ANET
2014,WELL
2014,RY-PT
2014,ADI
2014,ICE
2014,VGT
2014,ELV
2014,VTHRX
2014,RIO
2014,BJO
2014,CSU.TO
2014,VITAX
2014,ENB
2014,MELI
2014,PGMB
2014,SMFG
2014,UBS
2014,APP
2014,NKE
2014,CDI.PA
2014,INTC
2014,CP.TO
2014,DUKB
2014,CME
2014,DODIX
2014,CNQ.TO
2014,DUK
2014,WM
2014,VFORX
2014,RELX
2014,CFAAX
2014,BFAFX
2014,LRCX
2014,UPS
2014,VTIVX
2014,DGE.PA
2014,DODGX
2014,KLAC
2014,VUG
2014,BTI
2014,CRWD
2014,CI
2014,IJH
2014,BP
2014,CNR.TO
2014,PBR-A
2014,SHW
2014,AJG
2014,CS.PA
2014,MDLZ
2014,GEV
2014,BNP.PA
2014,TBCIX
2014,AON
2014,CVS
2014,TRBCX
2014,HCA
2014,MCK
2014,MCO
2014,CTAS
2014,BNS.TO
2014,PABGX
2014,ORLY
2014,BAM
2014,FKINX
2014,BN
2014,RAFFX
2014,VEMAX
2014,FNCFX
2014,APH
2014,FRIAX
2014,VEXAX
2014,VIEIX
2014,MSTR
2014,MMM
2014,EQIX
2014,BBVA
2014,APO
2014,VFIFX
2014,VWIUX
2014,VWITX
2014,PH
2014,TRI
2014,TDG
2014,MFC.TO
2014,AMCPX
2014,AEM.TO
2014,NGT.TO
2014,AMPFX
2014,RACE
2014,RRBGX
2014,VPMAX
2014,GSK
2014,EFA
2014,VPMCX
2014,CM.TO
2014,DASH
2014,TT
2014,ABNB
2014,PRUFX
2014,CL
2014,RSG
2014,SE
2014,VHYAX
2014,PRGFX
2014,VYM
2014,DODFX
2014,INFY
2014,VTTVX
2014,STRK
2014,GLD
2014,SCCO
2014,FTNT
2014,ATVI
2014,NOC
2014,GD
2014,EPD
2014,WMB
2014,EQNR
2014,IBKR
2014,ITW
2014,SMCWX
2014,SCWFX
2014,RLLGX
2014,RSLAX
2014,CSPAX
2014,MSI
2014,TRSAX
2014,WCN.TO
2014,ZTS
2014,VVIAX
2014,FIWGX
2014,ECL
2014,RSP
2014,FBGRX
2014,EOG
2014,TRP.TO
2014,CDNS
2014,BMO
2014,SCHD
2014,CMG
2014,SU.TO
2014,PNC
2014,ABB
2014,SWPPX
2014,NTES
2014,RMFGX
2014,AMRFX
2014,RRGSX
2014,MFG
2014,AMFFX
2014,COF
2014,ATD.TO
2014,SNPS
2014,CP
2014,REGN
2014,DG.PA
2014,VMCIX
2014,CNQ
2014,AMOV
2014,MAR
2014,PYPL
2014,FGCKX
2014,FDGRX
2014,APD
2014,USB
2014,BDX
2014,CEG
2014,IWM
2014,BDXA
2014,VWO
2014,NGG
2014,ET
2014,DELL
2014,AZO
2014,KMI
2014,JD
2014,ROP
2014,PXD
2014,WDAY
2014,IEMG
2014,CNWAX
2014,NEWFX
2014,NWFFX
2014,NFFFX
2014,FXNAX
2014,OKE
2014,AMPCX
2014,EMR
2014,CNI
2014,BHP
2014,VMW
2014,AFL
2014,L.TO
2014,VWNAX
2014,ING
2014,VWNFX
2014,CRH
2014,BK
2014,TRV
2014,VEIPX
2014,VEIRX
2014,IJR
2014,CCZ
2014,VBIRX
2014,BSV
2014,SPLG
2014,MEIKX
2014,MEIIX
2014,MEIAX
2014,VBIAX
2014,BNS
2014,VBINX
2014,VBAIX
2014,DEO
2014,FDX
2014,AEP
2014,SLB.PA
2014,LYG
2014,FBALX
2014,MNST
2013,AAPL
2013,MSFT
2013,NVDA
2013,VSMPX
2013,AMZN
2013,GOOG
2013,GOOGL
2013,META
2013,VOO
2013,VFIAX
2013,BRK-A
2013,BRK-B
2013,VITSX
2013,VTSAX
2013,TSM
2013,TSLA
2013,AVGO
2013,LLY
2013,WMT
2013,JPM
2013,V
2013,FXAIX
2013,VTI
2013,IVV
2013,XOM
2013,SPY
2013,MA
2013,UNH
2013,VXUS
2013,VTPSX
2013,VTIAX
2013,COST
2013,PG
2013,ORCL
2013,NFLX
2013,JNJ
2013,ABBV
2013,HD
2013,VBTLX
2013,VBMFX
2013,BND
2013,VBMPX
2013,VMCPX
2013,VTBNX
2013,BABA
2013,BAC
2013,SAP
2013,VINIX
2013,VIIIX
2013,KO
2013,TMUS
2013,VIMAX
2013,NVO
2013,CVX
2013,MC.PA
2013,ASML
2013,MRK.PA
2013,CRM
2013,RMS.PA
2013,RGAGX
2013,GAFFX
2013,AGTHX
2013,GFAFX
2013,CSCO
2013,PM
2013,CGFAX
2013,BALFX
2013,ABALX
2013,FIYY
2013,AFMBX
2013,CLBAX
2013,RLBGX
2013,AMBFX
2013,VZA
2013,WFC
2013,IBM
2013,RY.TO
2013,ABT
2013,TM
2013,AZN
2013,MCD
2013,RGABX
2013,LIN
2013,MRK
2013,GE
2013,RGAAX
2013,NVS
2013,RY-PZ.TO
2013,FFEU
2013,GFACX
2013,VEA
2013,VTMNX
2013,VTMGX
2013,PEP
2013,T
2013,HSBC
2013,VEMRX
2013,TBB
2013,PLTR
2013,VEMPX
2013,VB
2013,ACN
2013,VZ
2013,AXP
2013,OR.PA
2013,VTV
2013,MS
2013,BX
2013,QQQ
2013,TMO
2013,SHOP.TO
2013,PONPX
2013,PIMIX
2013,ISRG
2013,RTX
2013,DIS
2013,VO
2013,INTU
2013,GNE.PA
2013,TD-PFK.TO
2013,GS
2013,QCOM
2013,NOW
2013,PGR
2013,AMD
2013,HDB
2013,AMGN
2013,TD-PFI.TO
2013,ADBE
2013,TXN
2013,RY
2013,SPGI
2013,CATR.PA
2013,VIGIX
2013,VIGAX
2013,CAT
2013,FCNKX
2013,FCNTX
2013,AICFX
2013,RICAX
2013,RICBX
2013,FFICX
2013,AIVSX
2013,AICCX
2013,CICAX
2013,MUFG
2013,BKNG
2013,UBER
2013,SONY
2013,BSX
2013,UL
2013,FCTDX
2013,TD.TO
2013,BLK
2013,FNPFX
2013,RNPGX
2013,NEE
2013,ANWPX
2013,NPFFX
2013,DHR
2013,RFNCX
2013,TTE
2013,SYK
2013,FUNFX
2013,AFIFX
2013,CFNAX
2013,ANCFX
2013,UNP
2013,TD-PFL.TO
2013,VGSLX
2013,SCHW
2013,PFE
2013,ENB.TO
2013,GILD
2013,CMCSA
2013,HON
2013,AWSHX
2013,RWMFX
2013,CWMAX
2013,TJX
2013,WSHFX
2013,WSHCX
2013,RWMBX
2013,COP
2013,SNY
2013,C
2013,LOW
2013,AMECX
2013,AEPGX
2013,RERGX
2013,RIDGX
2013,FIFAX
2013,IFAFX
2013,DE
2013,AEGFX
2013,RERHX
2013,AEPFX
2013,CWGFX
2013,AIR.PA
2013,RWICX
2013,CWIAX
2013,CWGIX
2013,IEFA
2013,SHOP
2013,BA
2013,TTE.PA
2013,ADP
2013,FI
2013,VRTX
2013,AGG
2013,EL.PA
2013,SAN.PA
2013,JJEB
2013,BMY
2013,CB
2013,BUD
2013,SU.PA
2013,MMC
2013,DOXGX
2013,AMAT
2013,BAM.TO
2013,BN.TO
2013,ANTM
2013,MDT
2013,PANW
2013,VWELX
2013,VWENX
2013,ARM
2013,COWB
2013,TRI.TO
2013,JJTB
2013,BALB
2013,SBUX
2013,JJGB
2013,CAIBX
2013,RIRGX
2013,CIRAX
2013,CIBFX
2013,SPOT
2013,IBN
2013,SHEL
2013,ETN
2013,JJAB
2013,BJJN
2013,VDADX
2013,JJUB
2013,VIG
2013,FSKAX
2013,LMT
2013,JLGMX
2013,JLGRX
2013,SEEGX
2013,OLGAX
2013,KKR
2013,VTTHX
2013,TD
2013,IWF
2013,PLD
2013,VSCIX
2013,VSMAX
2013,JJSB
2013,SAN
2013,AMT
2013,AI.PA
2013,JJPB
2013,SGGB
2013,VTIFX
2013,BNDX
2013,VTABX
2013,SOJD
2013,SAF.PA
2013,SO
2013,SOJE
2013,BMO.TO
2013,SOJC
2013,JJMB
2013,JJCB
2013,MO
2013,MU
2013,ANET
2013,WELL
2013,RY-PT
2013,ADI
2013,ICE
2013,VGT
2013,ELV
2013,VTHRX
2013,RIO
2013,BJO
2013,CSU.TO
2013,VITAX
2013,ENB
2013,MELI
2013,PGMB
2013,SMFG
2013,UBS
2013,APP
2013,NKE
2013,CDI.PA
2013,INTC
2013,CP.TO
2013,DUKB
2013,CME
2013,DODIX
2013,CNQ.TO
2013,DUK
2013,WM
2013,VFORX
2013,RELX
2013,CFAAX
2013,BFAFX
2013,LRCX
2013,UPS
2013,VTIVX
2013,DGE.PA
2013,DODGX
2013,KLAC
2013,VUG
2013,BTI
2013,CRWD
2013,CI
2013,IJH
2013,BP
2013,CNR.TO
2013,PBR-A
2013,SHW
2013,AJG
2013,CS.PA
2013,MDLZ
2013,GEV
2013,BNP.PA
2013,TBCIX
2013,AON
2013,CVS
2013,TRBCX
2013,HCA
2013,MCK
2013,MCO
2013,CTAS
2013,BNS.TO
2013,PABGX
2013,ORLY
2013,BAM
2013,FKINX
2013,BN
2013,RAFFX
2013,VEMAX
2013,FNCFX
2013,APH
2013,FRIAX
2013,VEXAX
2013,VIEIX
2013,MSTR
2013,MMM
2013,EQIX
2013,BBVA
2013,APO
2013,VFIFX
2013,VWIUX
2013,VWITX
2013,PH
2013,TRI
2013,TDG
2013,MFC.TO
2013,AMCPX
2013,AEM.TO
2013,NGT.TO
2013,AMPFX
2013,RACE
2013,RRBGX
2013,VPMAX
2013,GSK
2013,EFA
2013,VPMCX
2013,CM.TO
2013,DASH
2013,TT
2013,ABNB
2013,PRUFX
2013,CL
2013,RSG
2013,SE
2013,VHYAX
2013,PRGFX
2013,VYM
2013,DODFX
2013,INFY
2013,VTTVX
2013,STRK
2013,GLD
2013,SCCO
2013,FTNT
2013,ATVI
2013,NOC
2013,GD
2013,EPD
2013,WMB
2013,EQNR
2013,IBKR
2013,ITW
2013,SMCWX
2013,SCWFX
2013,RLLGX
2013,RSLAX
2013,CSPAX
2013,MSI
2013,TRSAX
2013,WCN.TO
2013,ZTS
2013,VVIAX
2013,FIWGX
2013,ECL
2013,RSP
2013,FBGRX
2013,EOG
2013,TRP.TO
2013,CDNS
2013,BMO
2013,SCHD
2013,CMG
2013,SU.TO
2013,PNC
2013,ABB
2013,SWPPX
2013,NTES
2013,RMFGX
2013,AMRFX
2013,RRGSX
2013,MFG
2013,AMFFX
2013,COF
2013,ATD.TO
2013,SNPS
2013,CP
2013,REGN
2013,DG.PA
2013,VMCIX
2013,CNQ
2013,AMOV
2013,MAR
2013,PYPL
2013,FGCKX
2013,FDGRX
2013,APD
2013,USB
2013,BDX
2013,CEG
2013,IWM
2013,BDXA
2013,VWO
2013,NGG
2013,ET
2013,DELL
2013,AZO
2013,KMI
2013,JD
2013,ROP
2013,PXD
2013,WDAY
2013,IEMG
2013,CNWAX
2013,NEWFX
2013,NWFFX
2013,NFFFX
2013,FXNAX
2013,OKE
2013,AMPCX
2013,EMR
2013,CNI
2013,BHP
2013,VMW
2013,AFL
2013,L.TO
2013,VWNAX
2013,ING
2013,VWNFX
2013,CRH
2013,BK
2013,TRV
2013,VEIPX
2013,VEIRX
2013,IJR
2013,CCZ
2013,VBIRX
2013,BSV
2013,SPLG
2013,MEIKX
2013,MEIIX
2013,MEIAX
2013,VBIAX
2013,BNS
2013,VBINX
2013,VBAIX
2013,DEO
2013,FDX
2013,AEP
2013,SLB.PA
2013,LYG
2013,FBALX
2013,MNST
2012,AAPL
2012,MSFT
2012,NVDA
2012,VSMPX
2012,AMZN
2012,GOOG
2012,GOOGL
2012,META
2012,VOO
2012,VFIAX
2012,BRK-A
2012,BRK-B
2012,VITSX
2012,VTSAX
2012,TSM
2012,TSLA
2012,AVGO
2012,LLY
2012,WMT
2012,JPM
2012,V
2012,FXAIX
2012,VTI
2012,IVV
2012,XOM
2012,SPY
2012,MA
2012,UNH
2012,VXUS
2012,VTPSX
2012,VTIAX
2012,COST
2012,PG
2012,ORCL
2012,NFLX
2012,JNJ
2012,ABBV
2012,HD
2012,VBTLX
2012,VBMFX
2012,BND
2012,VBMPX
2012,VMCPX
2012,VTBNX
2012,BABA
2012,BAC
2012,SAP
2012,VINIX
2012,VIIIX
2012,KO
2012,TMUS
2012,VIMAX
2012,NVO
2012,CVX
2012,MC.PA
2012,ASML
2012,MRK.PA
2012,CRM
2012,RMS.PA
2012,RGAGX
2012,GAFFX
2012,AGTHX
2012,GFAFX
2012,CSCO
2012,PM
2012,CGFAX
2012,BALFX
2012,ABALX
2012,FIYY
2012,AFMBX
2012,CLBAX
2012,RLBGX
2012,AMBFX
2012,VZA
2012,WFC
2012,IBM
2012,RY.TO
2012,ABT
2012,TM
2012,AZN
2012,MCD
2012,RGABX
2012,LIN
2012,MRK
2012,GE
2012,RGAAX
2012,NVS
2012,RY-PZ.TO
2012,FFEU
2012,GFACX
2012,VEA
2012,VTMNX
2012,VTMGX
2012,PEP
2012,T
2012,HSBC
2012,VEMRX
2012,TBB
2012,PLTR
2012,VEMPX
2012,VB
2012,ACN
2012,VZ
2012,AXP
2012,OR.PA
2012,VTV
2012,MS
2012,BX
2012,QQQ
2012,TMO
2012,SHOP.TO
2012,PONPX
2012,PIMIX
2012,ISRG
2012,RTX
2012,DIS
2012,VO
2012,INTU
2012,GNE.PA
2012,TD-PFK.TO
2012,GS
2012,QCOM
2012,NOW
2012,PGR
2012,AMD
2012,HDB
2012,AMGN
2012,TD-PFI.TO
2012,ADBE
2012,TXN
2012,RY
2012,SPGI
2012,CATR.PA
2012,VIGIX
2012,VIGAX
2012,CAT
2012,FCNKX
2012,FCNTX
2012,AICFX
2012,RICAX
2012,RICBX
2012,FFICX
2012,AIVSX
2012,AICCX
2012,CICAX
2012,MUFG
2012,BKNG
2012,UBER
2012,SONY
2012,BSX
2012,UL
2012,FCTDX
2012,TD.TO
2012,BLK
2012,FNPFX
2012,RNPGX
2012,NEE
2012,ANWPX
2012,NPFFX
2012,DHR
2012,RFNCX
2012,TTE
2012,SYK
2012,FUNFX
2012,AFIFX
2012,CFNAX
2012,ANCFX
2012,UNP
2012,TD-PFL.TO
2012,VGSLX
2012,SCHW
2012,PFE
2012,ENB.TO
2012,GILD
2012,CMCSA
2012,HON
2012,AWSHX
2012,RWMFX
2012,CWMAX
2012,TJX
2012,WSHFX
2012,WSHCX
2012,RWMBX
2012,COP
2012,SNY
2012,C
2012,LOW
2012,AMECX
2012,AEPGX
2012,RERGX
2012,RIDGX
2012,FIFAX
2012,IFAFX
2012,DE
2012,AEGFX
2012,RERHX
2012,AEPFX
2012,CWGFX
2012,AIR.PA
2012,RWICX
2012,CWIAX
2012,CWGIX
2012,IEFA
2012,SHOP
2012,BA
2012,TTE.PA
2012,ADP
2012,FI
2012,VRTX
2012,AGG
2012,EL.PA
2012,SAN.PA
2012,JJEB
2012,BMY
2012,CB
2012,BUD
2012,SU.PA
2012,MMC
2012,DOXGX
2012,AMAT
2012,BAM.TO
2012,BN.TO
2012,ANTM
2012,MDT
2012,PANW
2012,VWELX
2012,VWENX
2012,ARM
2012,COWB
2012,TRI.TO
2012,JJTB
2012,BALB
2012,SBUX
2012,JJGB
2012,CAIBX
2012,RIRGX
2012,CIRAX
2012,CIBFX
2012,SPOT
2012,IBN
2012,SHEL
2012,ETN
2012,JJAB
2012,BJJN
2012,VDADX
2012,JJUB
2012,VIG
2012,FSKAX
2012,LMT
2012,JLGMX
2012,JLGRX
2012,SEEGX
2012,OLGAX
2012,KKR
2012,VTTHX
2012,TD
2012,IWF
2012,PLD
2012,VSCIX
2012,VSMAX
2012,JJSB
2012,SAN
2012,AMT
2012,AI.PA
2012,JJPB
2012,SGGB
2012,VTIFX
2012,BNDX
2012,VTABX
2012,SOJD
2012,SAF.PA
2012,SO
2012,SOJE
2012,BMO.TO
2012,SOJC
2012,JJMB
2012,JJCB
2012,MO
2012,MU
2012,ANET
2012,WELL
2012,RY-PT
2012,ADI
2012,ICE
2012,VGT
2012,ELV
2012,VTHRX
2012,RIO
2012,BJO
2012,CSU.TO
2012,VITAX
2012,ENB
2012,MELI
2012,PGMB
2012,SMFG
2012,UBS
2012,APP
2012,NKE
2012,CDI.PA
2012,INTC
2012,CP.TO
2012,DUKB
2012,CME
2012,DODIX
2012,CNQ.TO
2012,DUK
2012,WM
2012,VFORX
2012,RELX
2012,CFAAX
2012,BFAFX
2012,LRCX
2012,UPS
2012,VTIVX
2012,DGE.PA
2012,DODGX
2012,KLAC
2012,VUG
2012,BTI
2012,CRWD
2012,CI
2012,IJH
2012,BP
2012,CNR.TO
2012,PBR-A
2012,SHW
2012,AJG
2012,CS.PA
2012,MDLZ
2012,GEV
2012,BNP.PA
2012,TBCIX
2012,AON
2012,CVS
2012,TRBCX
2012,HCA
2012,MCK
2012,MCO
2012,CTAS
2012,BNS.TO
2012,PABGX
2012,ORLY
2012,BAM
2012,FKINX
2012,BN
2012,RAFFX
2012,VEMAX
2012,FNCFX
2012,APH
2012,FRIAX
2012,VEXAX
2012,VIEIX
2012,MSTR
2012,MMM
2012,EQIX
2012,BBVA
2012,APO
2012,VFIFX
2012,VWIUX
2012,VWITX
2012,PH
2012,TRI
2012,TDG
2012,MFC.TO
2012,AMCPX
2012,AEM.TO
2012,NGT.TO
2012,AMPFX
2012,RACE
2012,RRBGX
2012,VPMAX
2012,GSK
2012,EFA
2012,VPMCX
2012,CM.TO
2012,DASH
2012,TT
2012,ABNB
2012,PRUFX
2012,CL
2012,RSG
2012,SE
2012,VHYAX
2012,PRGFX
2012,VYM
2012,DODFX
2012,INFY
2012,VTTVX
2012,STRK
2012,GLD
2012,SCCO
2012,FTNT
2012,ATVI
2012,NOC
2012,GD
2012,EPD
2012,WMB
2012,EQNR
2012,IBKR
2012,ITW
2012,SMCWX
2012,SCWFX
2012,RLLGX
2012,RSLAX
2012,CSPAX
2012,MSI
2012,TRSAX
2012,WCN.TO
2012,ZTS
2012,VVIAX
2012,FIWGX
2012,ECL
2012,RSP
2012,FBGRX
2012,EOG
2012,TRP.TO
2012,CDNS
2012,BMO
2012,SCHD
2012,CMG
2012,SU.TO
2012,PNC
2012,ABB
2012,SWPPX
2012,NTES
2012,RMFGX
2012,AMRFX
2012,RRGSX
2012,MFG
2012,AMFFX
2012,COF
2012,ATD.TO
2012,SNPS
2012,CP
2012,REGN
2012,DG.PA
2012,VMCIX
2012,CNQ
2012,AMOV
2012,MAR
2012,PYPL
2012,FGCKX
2012,FDGRX
2012,APD
2012,USB
2012,BDX
2012,CEG
2012,IWM
2012,BDXA
2012,VWO
2012,NGG
2012,ET
2012,DELL
2012,AZO
2012,KMI
2012,JD
2012,ROP
2012,PXD
2012,WDAY
2012,IEMG
2012,CNWAX
2012,NEWFX
2012,NWFFX
2012,NFFFX
2012,FXNAX
2012,OKE
2012,AMPCX
2012,EMR
2012,CNI
2012,BHP
2012,VMW
2012,AFL
2012,L.TO
2012,VWNAX
2012,ING
2012,VWNFX
2012,CRH
2012,BK
2012,TRV
2012,VEIPX
2012,VEIRX
2012,IJR
2012,CCZ
2012,VBIRX
2012,BSV
2012,SPLG
2012,MEIKX
2012,MEIIX
2012,MEIAX
2012,VBIAX
2012,BNS
2012,VBINX
2012,VBAIX
2012,DEO
2012,FDX
2012,AEP
2012,SLB.PA
2012,LYG
2012,FBALX
2012,MNST
2011,AAPL
2011,MSFT
2011,NVDA
2011,VSMPX
2011,AMZN
2011,GOOG
2011,GOOGL
2011,META
2011,VOO
2011,VFIAX
2011,BRK-A
2011,BRK-B
2011,VITSX
2011,VTSAX
2011,TSM
2011,TSLA
2011,AVGO
2011,LLY
2011,WMT
2011,JPM
2011,V
2011,FXAIX
2011,VTI
2011,IVV
2011,XOM
2011,SPY
2011,MA
2011,UNH
2011,VXUS
2011,VTPSX
2011,VTIAX
2011,COST
2011,PG
2011,ORCL
2011,NFLX
2011,JNJ
2011,ABBV
2011,HD
2011,VBTLX
2011,VBMFX
2011,BND
2011,VBMPX
2011,VMCPX
2011,VTBNX
2011,BABA
2011,BAC
2011,SAP
2011,VINIX
2011,VIIIX
2011,KO
2011,TMUS
2011,VIMAX
2011,NVO
2011,CVX
2011,MC.PA
2011,ASML
2011,MRK.PA
2011,CRM
2011,RMS.PA
2011,RGAGX
2011,GAFFX
2011,AGTHX
2011,GFAFX
2011,CSCO
2011,PM
2011,CGFAX
2011,BALFX
2011,ABALX
2011,FIYY
2011,AFMBX
2011,CLBAX
2011,RLBGX
2011,AMBFX
2011,VZA
2011,WFC
2011,IBM
2011,RY.TO
2011,ABT
2011,TM
2011,AZN
2011,MCD
2011,RGABX
2011,LIN
2011,MRK
2011,GE
2011,RGAAX
2011,NVS
2011,RY-PZ.TO
2011,FFEU
2011,GFACX
2011,VEA
2011,VTMNX
2011,VTMGX
2011,PEP
2011,T
2011,HSBC
2011,VEMRX
2011,TBB
2011,PLTR
2011,VEMPX
2011,VB
2011,ACN
2011,VZ
2011,AXP
2011,OR.PA
2011,VTV
2011,MS
2011,BX
2011,QQQ
2011,TMO
2011,SHOP.TO
2011,PONPX
2011,PIMIX
2011,ISRG
2011,RTX
2011,DIS
2011,VO
2011,INTU
2011,GNE.PA
2011,TD-PFK.TO
2011,GS
2011,QCOM
2011,NOW
2011,PGR
2011,AMD
2011,HDB
2011,AMGN
2011,TD-PFI.TO
2011,ADBE
2011,TXN
2011,RY
2011,SPGI
2011,CATR.PA
2011,VIGIX
2011,VIGAX
2011,CAT
2011,FCNKX
2011,FCNTX
2011,AICFX
2011,RICAX
2011,RICBX
2011,FFICX
2011,AIVSX
2011,AICCX
2011,CICAX
2011,MUFG
2011,BKNG
2011,UBER
2011,SONY
2011,BSX
2011,UL
2011,FCTDX
2011,TD.TO
2011,BLK
2011,FNPFX
2011,RNPGX
2011,NEE
2011,ANWPX
2011,NPFFX
2011,DHR
2011,RFNCX
2011,TTE
2011,SYK
2011,FUNFX
2011,AFIFX
2011,CFNAX
2011,ANCFX
2011,UNP
2011,TD-PFL.TO
2011,VGSLX
2011,SCHW
2011,PFE
2011,ENB.TO
2011,GILD
2011,CMCSA
2011,HON
2011,AWSHX
2011,RWMFX
2011,CWMAX
2011,TJX
2011,WSHFX
2011,WSHCX
2011,RWMBX
2011,COP
2011,SNY
2011,C
2011,LOW
2011,AMECX
2011,AEPGX
2011,RERGX
2011,RIDGX
2011,FIFAX
2011,IFAFX
2011,DE
2011,AEGFX
2011,RERHX
2011,AEPFX
2011,CWGFX
2011,AIR.PA
2011,RWICX
2011,CWIAX
2011,CWGIX
2011,IEFA
2011,SHOP
2011,BA
2011,TTE.PA
2011,ADP
2011,FI
2011,VRTX
2011,AGG
2011,EL.PA
2011,SAN.PA
2011,JJEB
2011,BMY
2011,CB
2011,BUD
2011,SU.PA
2011,MMC
2011,DOXGX
2011,AMAT
2011,BAM.TO
2011,BN.TO
2011,ANTM
2011,MDT
2011,PANW
2011,VWELX
2011,VWENX
2011,ARM
2011,COWB
2011,TRI.TO
2011,JJTB
2011,BALB
2011,SBUX
2011,JJGB
2011,CAIBX
2011,RIRGX
2011,CIRAX
2011,CIBFX
2011,SPOT
2011,IBN
2011,SHEL
2011,ETN
2011,JJAB
2011,BJJN
2011,VDADX
2011,JJUB
2011,VIG
2011,FSKAX
2011,LMT
2011,JLGMX
2011,JLGRX
2011,SEEGX
2011,OLGAX
2011,KKR
2011,VTTHX
2011,TD
2011,IWF
2011,PLD
2011,VSCIX
2011,VSMAX
2011,JJSB
2011,SAN
2011,AMT
2011,AI.PA
2011,JJPB
2011,SGGB
2011,VTIFX
2011,BNDX
2011,VTABX
2011,SOJD
2011,SAF.PA
2011,SO
2011,SOJE
2011,BMO.TO
2011,SOJC
2011,JJMB
2011,JJCB
2011,MO
2011,MU
2011,ANET
2011,WELL
2011,RY-PT
2011,ADI
2011,ICE
2011,VGT
2011,ELV
2011,VTHRX
2011,RIO
2011,BJO
2011,CSU.TO
2011,VITAX
2011,ENB
2011,MELI
2011,PGMB
2011,SMFG
2011,UBS
2011,APP
2011,NKE
2011,CDI.PA
2011,INTC
2011,CP.TO
2011,DUKB
2011,CME
2011,DODIX
2011,CNQ.TO
2011,DUK
2011,WM
2011,VFORX
2011,RELX
2011,CFAAX
2011,BFAFX
2011,LRCX
2011,UPS
2011,VTIVX
2011,DGE.PA
2011,DODGX
2011,KLAC
2011,VUG
2011,BTI
2011,CRWD
2011,CI
2011,IJH
2011,BP
2011,CNR.TO
2011,PBR-A
2011,SHW
2011,AJG
2011,CS.PA
2011,MDLZ
2011,GEV
2011,BNP.PA
2011,TBCIX
2011,AON
2011,CVS
2011,TRBCX
2011,HCA
2011,MCK
2011,MCO
2011,CTAS
2011,BNS.TO
2011,PABGX
2011,ORLY
2011,BAM
2011,FKINX
2011,BN
2011,RAFFX
2011,VEMAX
2011,FNCFX
2011,APH
2011,FRIAX
2011,VEXAX
2011,VIEIX
2011,MSTR
2011,MMM
2011,EQIX
2011,BBVA
2011,APO
2011,VFIFX
2011,VWIUX
2011,VWITX
2011,PH
2011,TRI
2011,TDG
2011,MFC.TO
2011,AMCPX
2011,AEM.TO
2011,NGT.TO
2011,AMPFX
2011,RACE
2011,RRBGX
2011,VPMAX
2011,GSK
2011,EFA
2011,VPMCX
2011,CM.TO
2011,DASH
2011,TT
2011,ABNB
2011,PRUFX
2011,CL
2011,RSG
2011,SE
2011,VHYAX
2011,PRGFX
2011,VYM
2011,DODFX
2011,INFY
2011,VTTVX
2011,STRK
2011,GLD
2011,SCCO
2011,FTNT
2011,ATVI
2011,NOC
2011,GD
2011,EPD
2011,WMB
2011,EQNR
2011,IBKR
2011,ITW
2011,SMCWX
2011,SCWFX
2011,RLLGX
2011,RSLAX
2011,CSPAX
2011,MSI
2011,TRSAX
2011,WCN.TO
2011,ZTS
2011,VVIAX
2011,FIWGX
2011,ECL
2011,RSP
2011,FBGRX
2011,EOG
2011,TRP.TO
2011,CDNS
2011,BMO
2011,SCHD
2011,CMG
2011,SU.TO
2011,PNC
2011,ABB
2011,SWPPX
2011,NTES
2011,RMFGX
2011,AMRFX
2011,RRGSX
2011,MFG
2011,AMFFX
2011,COF
2011,ATD.TO
2011,SNPS
2011,CP
2011,REGN
2011,DG.PA
2011,VMCIX
2011,CNQ
2011,AMOV
2011,MAR
2011,PYPL
2011,FGCKX
2011,FDGRX
2011,APD
2011,USB
2011,BDX
2011,CEG
2011,IWM
2011,BDXA
2011,VWO
2011,NGG
2011,ET
2011,DELL
2011,AZO
2011,KMI
2011,JD
2011,ROP
2011,PXD
2011,WDAY
2011,IEMG
2011,CNWAX
2011,NEWFX
2011,NWFFX
2011,NFFFX
2011,FXNAX
2011,OKE
2011,AMPCX
2011,EMR
2011,CNI
2011,BHP
2011,VMW
2011,AFL
2011,L.TO
2011,VWNAX
2011,ING
2011,VWNFX
2011,CRH
2011,BK
2011,TRV
2011,VEIPX
2011,VEIRX
2011,IJR
2011,CCZ
2011,VBIRX
2011,BSV
2011,SPLG
2011,MEIKX
2011,MEIIX
2011,MEIAX
2011,VBIAX
2011,BNS
2011,VBINX
2011,VBAIX
2011,DEO
2011,FDX
2011,AEP
2011,SLB.PA
2011,LYG
2011,FBALX
2011,MNST
2010,AAPL
2010,MSFT
2010,NVDA
2010,VSMPX
2010,AMZN
2010,GOOG
2010,GOOGL
2010,META
2010,VOO
2010,VFIAX
2010,BRK-A
2010,BRK-B
2010,VITSX
2010,VTSAX
2010,TSM
2010,TSLA
2010,AVGO
2010,LLY
2010,WMT
2010,JPM
2010,V
2010,FXAIX
2010,VTI
2010,IVV
2010,XOM
2010,SPY
2010,MA
2010,UNH
2010,VXUS
2010,VTPSX
2010,VTIAX
2010,COST
2010,PG
2010,ORCL
2010,NFLX
2010,JNJ
2010,ABBV
2010,HD
2010,VBTLX
2010,VBMFX
2010,BND
2010,VBMPX
2010,VMCPX
2010,VTBNX
2010,BABA
2010,BAC
2010,SAP
2010,VINIX
2010,VIIIX
2010,KO
2010,TMUS
2010,VIMAX
2010,NVO
2010,CVX
2010,MC.PA
2010,ASML
2010,MRK.PA
2010,CRM
2010,RMS.PA
2010,RGAGX
2010,GAFFX
2010,AGTHX
2010,GFAFX
2010,CSCO
2010,PM
2010,CGFAX
2010,BALFX
2010,ABALX
2010,FIYY
2010,AFMBX
2010,CLBAX
2010,RLBGX
2010,AMBFX
2010,VZA
2010,WFC
2010,IBM
2010,RY.TO
2010,ABT
2010,TM
2010,AZN
2010,MCD
2010,RGABX
2010,LIN
2010,MRK
2010,GE
2010,RGAAX
2010,NVS
2010,RY-PZ.TO
2010,FFEU
2010,GFACX
2010,VEA
2010,VTMNX
2010,VTMGX
2010,PEP
2010,T
2010,HSBC
2010,VEMRX
2010,TBB
2010,PLTR
2010,VEMPX
2010,VB
2010,ACN
2010,VZ
2010,AXP
2010,OR.PA
2010,VTV
2010,MS
2010,BX
2010,QQQ
2010,TMO
2010,SHOP.TO
2010,PONPX
2010,PIMIX
2010,ISRG
2010,RTX
2010,DIS
2010,VO
2010,INTU
2010,GNE.PA
2010,TD-PFK.TO
2010,GS
2010,QCOM
2010,NOW
2010,PGR
2010,AMD
2010,HDB
2010,AMGN
2010,TD-PFI.TO
2010,ADBE
2010,TXN
2010,RY
2010,SPGI
2010,CATR.PA
2010,VIGIX
2010,VIGAX
2010,CAT
2010,FCNKX
2010,FCNTX
2010,AICFX
2010,RICAX
2010,RICBX
2010,FFICX
2010,AIVSX
2010,AICCX
2010,CICAX
2010,MUFG
2010,BKNG
2010,UBER
2010,SONY
2010,BSX
2010,UL
2010,FCTDX
2010,TD.TO
2010,BLK
2010,FNPFX
2010,RNPGX
2010,NEE
2010,ANWPX
2010,NPFFX
2010,DHR
2010,RFNCX
2010,TTE
2010,SYK
2010,FUNFX
2010,AFIFX
2010,CFNAX
2010,ANCFX
2010,UNP
2010,TD-PFL.TO
2010,VGSLX
2010,SCHW
2010,PFE
2010,ENB.TO
2010,GILD
2010,CMCSA
2010,HON
2010,AWSHX
2010,RWMFX
2010,CWMAX
2010,TJX
2010,WSHFX
2010,WSHCX
2010,RWMBX
2010,COP
2010,SNY
2010,C
2010,LOW
2010,AMECX
2010,AEPGX
2010,RERGX
2010,RIDGX
2010,FIFAX
2010,IFAFX
2010,DE
2010,AEGFX
2010,RERHX
2010,AEPFX
2010,CWGFX
2010,AIR.PA
2010,RWICX
2010,CWIAX
2010,CWGIX
2010,IEFA
2010,SHOP
2010,BA
2010,TTE.PA
2010,ADP
2010,FI
2010,VRTX
2010,AGG
2010,EL.PA
2010,SAN.PA
2010,JJEB
2010,BMY
2010,CB
2010,BUD
2010,SU.PA
2010,MMC
2010,DOXGX
2010,AMAT
2010,BAM.TO
2010,BN.TO
2010,ANTM
2010,MDT
2010,PANW
2010,VWELX
2010,VWENX
2010,ARM
2010,COWB
2010,TRI.TO
2010,JJTB
2010,BALB
2010,SBUX
2010,JJGB
2010,CAIBX
2010,RIRGX
2010,CIRAX
2010,CIBFX
2010,SPOT
2010,IBN
2010,SHEL
2010,ETN
2010,JJAB
2010,BJJN
2010,VDADX
2010,JJUB
2010,VIG
2010,FSKAX
2010,LMT
2010,JLGMX
2010,JLGRX
2010,SEEGX
2010,OLGAX
2010,KKR
2010,VTTHX
2010,TD
2010,IWF
2010,PLD
2010,VSCIX
2010,VSMAX
2010,JJSB
2010,SAN
2010,AMT
2010,AI.PA
2010,JJPB
2010,SGGB
2010,VTIFX
2010,BNDX
2010,VTABX
2010,SOJD
2010,SAF.PA
2010,SO
2010,SOJE
2010,BMO.TO
2010,SOJC
2010,JJMB
2010,JJCB
2010,MO
2010,MU
2010,ANET
2010,WELL
2010,RY-PT
2010,ADI
2010,ICE
2010,VGT
2010,ELV
2010,VTHRX
2010,RIO
2010,BJO
2010,CSU.TO
2010,VITAX
2010,ENB
2010,MELI
2010,PGMB
2010,SMFG
2010,UBS
2010,APP
2010,NKE
2010,CDI.PA
2010,INTC
2010,CP.TO
2010,DUKB
2010,CME
2010,DODIX
2010,CNQ.TO
2010,DUK
2010,WM
2010,VFORX
2010,RELX
2010,CFAAX
2010,BFAFX
2010,LRCX
2010,UPS
2010,VTIVX
2010,DGE.PA
2010,DODGX
2010,KLAC
2010,VUG
2010,BTI
2010,CRWD
2010,CI
2010,IJH
2010,BP
2010,CNR.TO
2010,PBR-A
2010,SHW
2010,AJG
2010,CS.PA
2010,MDLZ
2010,GEV
2010,BNP.PA
2010,TBCIX
2010,AON
2010,CVS
2010,TRBCX
2010,HCA
2010,MCK
2010,MCO
2010,CTAS
2010,BNS.TO
2010,PABGX
2010,ORLY
2010,BAM
2010,FKINX
2010,BN
2010,RAFFX
2010,VEMAX
2010,FNCFX
2010,APH
2010,FRIAX
2010,VEXAX
2010,VIEIX
2010,MSTR
2010,MMM
2010,EQIX
2010,BBVA
2010,APO
2010,VFIFX
2010,VWIUX
2010,VWITX
2010,PH
2010,TRI
2010,TDG
2010,MFC.TO
2010,AMCPX
2010,AEM.TO
2010,NGT.TO
2010,AMPFX
2010,RACE
2010,RRBGX
2010,VPMAX
2010,GSK
2010,EFA
2010,VPMCX
2010,CM.TO
2010,DASH
2010,TT
2010,ABNB
2010,PRUFX
2010,CL
2010,RSG
2010,SE
2010,VHYAX
2010,PRGFX
2010,VYM
2010,DODFX
2010,INFY
2010,VTTVX
2010,STRK
2010,GLD
2010,SCCO
2010,FTNT
2010,ATVI
2010,NOC
2010,GD
2010,EPD
2010,WMB
2010,EQNR
2010,IBKR
2010,ITW
2010,SMCWX
2010,SCWFX
2010,RLLGX
2010,RSLAX
2010,CSPAX
2010,MSI
2010,TRSAX
2010,WCN.TO
2010,ZTS
2010,VVIAX
2010,FIWGX
2010,ECL
2010,RSP
2010,FBGRX
2010,EOG
2010,TRP.TO
2010,CDNS
2010,BMO
2010,SCHD
2010,CMG
2010,SU.TO
2010,PNC
2010,ABB
2010,SWPPX
2010,NTES
2010,RMFGX
2010,AMRFX
2010,RRGSX
2010,MFG
2010,AMFFX
2010,COF
2010,ATD.TO
2010,SNPS
2010,CP
2010,REGN
2010,DG.PA
2010,VMCIX
2010,CNQ
2010,AMOV
2010,MAR
2010,PYPL
2010,FGCKX
2010,FDGRX
2010,APD
2010,USB
2010,BDX
2010,CEG
2010,IWM
2010,BDXA
2010,VWO
2010,NGG
2010,ET
2010,DELL
2010,AZO
2010,KMI
2010,JD
2010,ROP
2010,PXD
2010,WDAY
2010,IEMG
2010,CNWAX
2010,NEWFX
2010,NWFFX
2010,NFFFX
2010,FXNAX
2010,OKE
2010,AMPCX
2010,EMR
2010,CNI
2010,BHP
2010,VMW
2010,AFL
2010,L.TO
2010,VWNAX
2010,ING
2010,VWNFX
2010,CRH
2010,BK
2010,TRV
2010,VEIPX
2010,VEIRX
2010,IJR
2010,CCZ
2010,VBIRX
2010,BSV
2010,SPLG
2010,MEIKX
2010,MEIIX
2010,MEIAX
2010,VBIAX
2010,BNS
2010,VBINX
2010,VBAIX
2010,DEO
2010,FDX
2010,AEP
2010,SLB.PA
2010,LYG
2010,FBALX
2010,MNST
2009,AAPL
2009,MSFT
2009,NVDA
2009,VSMPX
2009,AMZN
2009,GOOG
2009,GOOGL
2009,META
2009,VOO
2009,VFIAX
2009,BRK-A
2009,BRK-B
2009,VITSX
2009,VTSAX
2009,TSM
2009,TSLA
2009,AVGO
2009,LLY
2009,WMT
2009,JPM
2009,V
2009,FXAIX
2009,VTI
2009,IVV
2009,XOM
2009,SPY
2009,MA
2009,UNH
2009,VXUS
2009,VTPSX
2009,VTIAX
2009,COST
2009,PG
2009,ORCL
2009,NFLX
2009,JNJ
2009,ABBV
2009,HD
2009,VBTLX
2009,VBMFX
2009,BND
2009,VBMPX
2009,VMCPX
2009,VTBNX
2009,BABA
2009,BAC
2009,SAP
2009,VINIX
2009,VIIIX
2009,KO
2009,TMUS
2009,VIMAX
2009,NVO
2009,CVX
2009,MC.PA
2009,ASML
2009,MRK.PA
2009,CRM
2009,RMS.PA
2009,RGAGX
2009,GAFFX
2009,AGTHX
2009,GFAFX
2009,CSCO
2009,PM
2009,CGFAX
2009,BALFX
2009,ABALX
2009,FIYY
2009,AFMBX
2009,CLBAX
2009,RLBGX
2009,AMBFX
2009,VZA
2009,WFC
2009,IBM
2009,RY.TO
2009,ABT
2009,TM
2009,AZN
2009,MCD
2009,RGABX
2009,LIN
2009,MRK
2009,GE
2009,RGAAX
2009,NVS
2009,RY-PZ.TO
2009,FFEU
2009,GFACX
2009,VEA
2009,VTMNX
2009,VTMGX
2009,PEP
2009,T
2009,HSBC
2009,VEMRX
2009,TBB
2009,PLTR
2009,VEMPX
2009,VB
2009,ACN
2009,VZ
2009,AXP
2009,OR.PA
2009,VTV
2009,MS
2009,BX
2009,QQQ
2009,TMO
2009,SHOP.TO
2009,PONPX
2009,PIMIX
2009,ISRG
2009,RTX
2009,DIS
2009,VO
2009,INTU
2009,GNE.PA
2009,TD-PFK.TO
2009,GS
2009,QCOM
2009,NOW
2009,PGR
2009,AMD
2009,HDB
2009,AMGN
2009,TD-PFI.TO
2009,ADBE
2009,TXN
2009,RY
2009,SPGI
2009,CATR.PA
2009,VIGIX
2009,VIGAX
2009,CAT
2009,FCNKX
2009,FCNTX
2009,AICFX
2009,RICAX
2009,RICBX
2009,FFICX
2009,AIVSX
2009,AICCX
2009,CICAX
2009,MUFG
2009,BKNG
2009,UBER
2009,SONY
2009,BSX
2009,UL
2009,FCTDX
2009,TD.TO
2009,BLK
2009,FNPFX
2009,RNPGX
2009,NEE
2009,ANWPX
2009,NPFFX
2009,DHR
2009,RFNCX
2009,TTE
2009,SYK
2009,FUNFX
2009,AFIFX
2009,CFNAX
2009,ANCFX
2009,UNP
2009,TD-PFL.TO
2009,VGSLX
2009,SCHW
2009,PFE
2009,ENB.TO
2009,GILD
2009,CMCSA
2009,HON
2009,AWSHX
2009,RWMFX
2009,CWMAX
2009,TJX
2009,WSHFX
2009,WSHCX
2009,RWMBX
2009,COP
2009,SNY
2009,C
2009,LOW
2009,AMECX
2009,AEPGX
2009,RERGX
2009,RIDGX
2009,FIFAX
2009,IFAFX
2009,DE
2009,AEGFX
2009,RERHX
2009,AEPFX
2009,CWGFX
2009,AIR.PA
2009,RWICX
2009,CWIAX
2009,CWGIX
2009,IEFA
2009,SHOP
2009,BA
2009,TTE.PA
2009,ADP
2009,FI
2009,VRTX
2009,AGG
2009,EL.PA
2009,SAN.PA
2009,JJEB
2009,BMY
2009,CB
2009,BUD
2009,SU.PA
2009,MMC
2009,DOXGX
2009,AMAT
2009,BAM.TO
2009,BN.TO
2009,ANTM
2009,MDT
2009,PANW
2009,VWELX
2009,VWENX
2009,ARM
2009,COWB
2009,TRI.TO
2009,JJTB
2009,BALB
2009,SBUX
2009,JJGB
2009,CAIBX
2009,RIRGX
2009,CIRAX
2009,CIBFX
2009,SPOT
2009,IBN
2009,SHEL
2009,ETN
2009,JJAB
2009,BJJN
2009,VDADX
2009,JJUB
2009,VIG
2009,FSKAX
2009,LMT
2009,JLGMX
2009,JLGRX
2009,SEEGX
2009,OLGAX
2009,KKR
2009,VTTHX
2009,TD
2009,IWF
2009,PLD
2009,VSCIX
2009,VSMAX
2009,JJSB
2009,SAN
2009,AMT
2009,AI.PA
2009,JJPB
2009,SGGB
2009,VTIFX
2009,BNDX
2009,VTABX
2009,SOJD
2009,SAF.PA
2009,SO
2009,SOJE
2009,BMO.TO
2009,SOJC
2009,JJMB
2009,JJCB
2009,MO
2009,MU
2009,ANET
2009,WELL
2009,RY-PT
2009,ADI
2009,ICE
2009,VGT
2009,ELV
2009,VTHRX
2009,RIO
2009,BJO
2009,CSU.TO
2009,VITAX
2009,ENB
2009,MELI
2009,PGMB
2009,SMFG
2009,UBS
2009,APP
2009,NKE
2009,CDI.PA
2009,INTC
2009,CP.TO
2009,DUKB
2009,CME
2009,DODIX
2009,CNQ.TO
2009,DUK
2009,WM
2009,VFORX
2009,RELX
2009,CFAAX
2009,BFAFX
2009,LRCX
2009,UPS
2009,VTIVX
2009,DGE.PA
2009,DODGX
2009,KLAC
2009,VUG
2009,BTI
2009,CRWD
2009,CI
2009,IJH
2009,BP
2009,CNR.TO
2009,PBR-A
2009,SHW
2009,AJG
2009,CS.PA
2009,MDLZ
2009,GEV
2009,BNP.PA
2009,TBCIX
2009,AON
2009,CVS
2009,TRBCX
2009,HCA
2009,MCK
2009,MCO
2009,CTAS
2009,BNS.TO
2009,PABGX
2009,ORLY
2009,BAM
2009,FKINX
2009,BN
2009,RAFFX
2009,VEMAX
2009,FNCFX
2009,APH
2009,FRIAX
2009,VEXAX
2009,VIEIX
2009,MSTR
2009,MMM
2009,EQIX
2009,BBVA
2009,APO
2009,VFIFX
2009,VWIUX
2009,VWITX
2009,PH
2009,TRI
2009,TDG
2009,MFC.TO
2009,AMCPX
2009,AEM.TO
2009,NGT.TO
2009,AMPFX
2009,RACE
2009,RRBGX
2009,VPMAX
2009,GSK
2009,EFA
2009,VPMCX
2009,CM.TO
2009,DASH
2009,TT
2009,ABNB
2009,PRUFX
2009,CL
2009,RSG
2009,SE
2009,VHYAX
2009,PRGFX
2009,VYM
2009,DODFX
2009,INFY
2009,VTTVX
2009,STRK
2009,GLD
2009,SCCO
2009,FTNT
2009,ATVI
2009,NOC
2009,GD
2009,EPD
2009,WMB
2009,EQNR
2009,IBKR
2009,ITW
2009,SMCWX
2009,SCWFX
2009,RLLGX
2009,RSLAX
2009,CSPAX
2009,MSI
2009,TRSAX
2009,WCN.TO
2009,ZTS
2009,VVIAX
2009,FIWGX
2009,ECL
2009,RSP
2009,FBGRX
2009,EOG
2009,TRP.TO
2009,CDNS
2009,BMO
2009,SCHD
2009,CMG
2009,SU.TO
2009,PNC
2009,ABB
2009,SWPPX
2009,NTES
2009,RMFGX
2009,AMRFX
2009,RRGSX
2009,MFG
2009,AMFFX
2009,COF
2009,ATD.TO
2009,SNPS
2009,CP
2009,REGN
2009,DG.PA
2009,VMCIX
2009,CNQ
2009,AMOV
2009,MAR
2009,PYPL
2009,FGCKX
2009,FDGRX
2009,APD
2009,USB
2009,BDX
2009,CEG
2009,IWM
2009,BDXA
2009,VWO
2009,NGG
2009,ET
2009,DELL
2009,AZO
2009,KMI
2009,JD
2009,ROP
2009,PXD
2009,WDAY
2009,IEMG
2009,CNWAX
2009,NEWFX
2009,NWFFX
2009,NFFFX
2009,FXNAX
2009,OKE
2009,AMPCX
2009,EMR
2009,CNI
2009,BHP
2009,VMW
2009,AFL
2009,L.TO
2009,VWNAX
2009,ING
2009,VWNFX
2009,CRH
2009,BK
2009,TRV
2009,VEIPX
2009,VEIRX
2009,IJR
2009,CCZ
2009,VBIRX
2009,BSV
2009,SPLG
2009,MEIKX
2009,MEIIX
2009,MEIAX
2009,VBIAX
2009,BNS
2009,VBINX
2009,VBAIX
2009,DEO
2009,FDX
2009,AEP
2009,SLB.PA
2009,LYG
2009,FBALX
2009,MNST
2008,AAPL
2008,MSFT
2008,NVDA
2008,VSMPX
2008,AMZN
2008,GOOG
2008,GOOGL
2008,META
2008,VOO
2008,VFIAX
2008,BRK-A
2008,BRK-B
2008,VITSX
2008,VTSAX
2008,TSM
2008,TSLA
2008,AVGO
2008,LLY
2008,WMT
2008,JPM
2008,V
2008,FXAIX
2008,VTI
2008,IVV
2008,XOM
2008,SPY
2008,MA
2008,UNH
2008,VXUS
2008,VTPSX
2008,VTIAX
2008,COST
2008,PG
2008,ORCL
2008,NFLX
2008,JNJ
2008,ABBV
2008,HD
2008,VBTLX
2008,VBMFX
2008,BND
2008,VBMPX
2008,VMCPX
2008,VTBNX
2008,BABA
2008,BAC
2008,SAP
2008,VINIX
2008,VIIIX
2008,KO
2008,TMUS
2008,VIMAX
2008,NVO
2008,CVX
2008,MC.PA
2008,ASML
2008,MRK.PA
2008,CRM
2008,RMS.PA
2008,RGAGX
2008,GAFFX
2008,AGTHX
2008,GFAFX
2008,CSCO
2008,PM
2008,CGFAX
2008,BALFX
2008,ABALX
2008,FIYY
2008,AFMBX
2008,CLBAX
2008,RLBGX
2008,AMBFX
2008,VZA
2008,WFC
2008,IBM
2008,RY.TO
2008,ABT
2008,TM
2008,AZN
2008,MCD
2008,RGABX
2008,LIN
2008,MRK
2008,GE
2008,RGAAX
2008,NVS
2008,RY-PZ.TO
2008,FFEU
2008,GFACX
2008,VEA
2008,VTMNX
2008,VTMGX
2008,PEP
2008,T
2008,HSBC
2008,VEMRX
2008,TBB
2008,PLTR
2008,VEMPX
2008,VB
2008,ACN
2008,VZ
2008,AXP
2008,OR.PA
2008,VTV
2008,MS
2008,BX
2008,QQQ
2008,TMO
2008,SHOP.TO
2008,PONPX
2008,PIMIX
2008,ISRG
2008,RTX
2008,DIS
2008,VO
2008,INTU
2008,GNE.PA
2008,TD-PFK.TO
2008,GS
2008,QCOM
2008,NOW
2008,PGR
2008,AMD
2008,HDB
2008,AMGN
2008,TD-PFI.TO
2008,ADBE
2008,TXN
2008,RY
2008,SPGI
2008,CATR.PA
2008,VIGIX
2008,VIGAX
2008,CAT
2008,FCNKX
2008,FCNTX
2008,AICFX
2008,RICAX
2008,RICBX
2008,FFICX
2008,AIVSX
2008,AICCX
2008,CICAX
2008,MUFG
2008,BKNG
2008,UBER
2008,SONY
2008,BSX
2008,UL
2008,FCTDX
2008,TD.TO
2008,BLK
2008,FNPFX
2008,RNPGX
2008,NEE
2008,ANWPX
2008,NPFFX
2008,DHR
2008,RFNCX
2008,TTE
2008,SYK
2008,FUNFX
2008,AFIFX
2008,CFNAX
2008,ANCFX
2008,UNP
2008,TD-PFL.TO
2008,VGSLX
2008,SCHW
2008,PFE
2008,ENB.TO
2008,GILD
2008,CMCSA
2008,HON
2008,AWSHX
2008,RWMFX
2008,CWMAX
2008,TJX
2008,WSHFX
2008,WSHCX
2008,RWMBX
2008,COP
2008,SNY
2008,C
2008,LOW
2008,AMECX
2008,AEPGX
2008,RERGX
2008,RIDGX
2008,FIFAX
2008,IFAFX
2008,DE
2008,AEGFX
2008,RERHX
2008,AEPFX
2008,CWGFX
2008,AIR.PA
2008,RWICX
2008,CWIAX
2008,CWGIX
2008,IEFA
2008,SHOP
2008,BA
2008,TTE.PA
2008,ADP
2008,FI
2008,VRTX
2008,AGG
2008,EL.PA
2008,SAN.PA
2008,JJEB
2008,BMY
2008,CB
2008,BUD
2008,SU.PA
2008,MMC
2008,DOXGX
2008,AMAT
2008,BAM.TO
2008,BN.TO
2008,ANTM
2008,MDT
2008,PANW
2008,VWELX
2008,VWENX
2008,ARM
2008,COWB
2008,TRI.TO
2008,JJTB
2008,BALB
2008,SBUX
2008,JJGB
2008,CAIBX
2008,RIRGX
2008,CIRAX
2008,CIBFX
2008,SPOT
2008,IBN
2008,SHEL
2008,ETN
2008,JJAB
2008,BJJN
2008,VDADX
2008,JJUB
2008,VIG
2008,FSKAX
2008,LMT
2008,JLGMX
2008,JLGRX
2008,SEEGX
2008,OLGAX
2008,KKR
2008,VTTHX
2008,TD
2008,IWF
2008,PLD
2008,VSCIX
2008,VSMAX
2008,JJSB
2008,SAN
2008,AMT
2008,AI.PA
2008,JJPB
2008,SGGB
2008,VTIFX
2008,BNDX
2008,VTABX
2008,SOJD
2008,SAF.PA
2008,SO
2008,SOJE
2008,BMO.TO
2008,SOJC
2008,JJMB
2008,JJCB
2008,MO
2008,MU
2008,ANET
2008,WELL
2008,RY-PT
2008,ADI
2008,ICE
2008,VGT
2008,ELV
2008,VTHRX
2008,RIO
2008,BJO
2008,CSU.TO
2008,VITAX
2008,ENB
2008,MELI
2008,PGMB
2008,SMFG
2008,UBS
2008,APP
2008,NKE
2008,CDI.PA
2008,INTC
2008,CP.TO
2008,DUKB
2008,CME
2008,DODIX
2008,CNQ.TO
2008,DUK
2008,WM
2008,VFORX
2008,RELX
2008,CFAAX
2008,BFAFX
2008,LRCX
2008,UPS
2008,VTIVX
2008,DGE.PA
2008,DODGX
2008,KLAC
2008,VUG
2008,BTI
2008,CRWD
2008,CI
2008,IJH
2008,BP
2008,CNR.TO
2008,PBR-A
2008,SHW
2008,AJG
2008,CS.PA
2008,MDLZ
2008,GEV
2008,BNP.PA
2008,TBCIX
2008,AON
2008,CVS
2008,TRBCX
2008,HCA
2008,MCK
2008,MCO
2008,CTAS
2008,BNS.TO
2008,PABGX
2008,ORLY
2008,BAM
2008,FKINX
2008,BN
2008,RAFFX
2008,VEMAX
2008,FNCFX
2008,APH
2008,FRIAX
2008,VEXAX
2008,VIEIX
2008,MSTR
2008,MMM
2008,EQIX
2008,BBVA
2008,APO
2008,VFIFX
2008,VWIUX
2008,VWITX
2008,PH
2008,TRI
2008,TDG
2008,MFC.TO
2008,AMCPX
2008,AEM.TO
2008,NGT.TO
2008,AMPFX
2008,RACE
2008,RRBGX
2008,VPMAX
2008,GSK
2008,EFA
2008,VPMCX
2008,CM.TO
2008,DASH
2008,TT
2008,ABNB
2008,PRUFX
2008,CL
2008,RSG
2008,SE
2008,VHYAX
2008,PRGFX
2008,VYM
2008,DODFX
2008,INFY
2008,VTTVX
2008,STRK
2008,GLD
2008,SCCO
2008,FTNT
2008,ATVI
2008,NOC
2008,GD
2008,EPD
2008,WMB
2008,EQNR
2008,IBKR
2008,ITW
2008,SMCWX
2008,SCWFX
2008,RLLGX
2008,RSLAX
2008,CSPAX
2008,MSI
2008,TRSAX
2008,WCN.TO
2008,ZTS
2008,VVIAX
2008,FIWGX
2008,ECL
2008,RSP
2008,FBGRX
2008,EOG
2008,TRP.TO
2008,CDNS
2008,BMO
2008,SCHD
2008,CMG
2008,SU.TO
2008,PNC
2008,ABB
2008,SWPPX
2008,NTES
2008,RMFGX
2008,AMRFX
2008,RRGSX
2008,MFG
2008,AMFFX
2008,COF
2008,ATD.TO
2008,SNPS
2008,CP
2008,REGN
2008,DG.PA
2008,VMCIX
2008,CNQ
2008,AMOV
2008,MAR
2008,PYPL
2008,FGCKX
2008,FDGRX
2008,APD
2008,USB
2008,BDX
2008,CEG
2008,IWM
2008,BDXA
2008,VWO
2008,NGG
2008,ET
2008,DELL
2008,AZO
2008,KMI
2008,JD
2008,ROP
2008,PXD
2008,WDAY
2008,IEMG
2008,CNWAX
2008,NEWFX
2008,NWFFX
2008,NFFFX
2008,FXNAX
2008,OKE
2008,AMPCX
2008,EMR
2008,CNI
2008,BHP
2008,VMW
2008,AFL
2008,L.TO
2008,VWNAX
2008,ING
2008,VWNFX
2008,CRH
2008,BK
2008,TRV
2008,VEIPX
2008,VEIRX
2008,IJR
2008,CCZ
2008,VBIRX
2008,BSV
2008,SPLG
2008,MEIKX
2008,MEIIX
2008,MEIAX
2008,VBIAX
2008,BNS
2008,VBINX
2008,VBAIX
2008,DEO
2008,FDX
2008,AEP
2008,SLB.PA
2008,LYG
2008,FBALX
2008,MNST
2007,AAPL
2007,MSFT
2007,NVDA
2007,VSMPX
2007,AMZN
2007,GOOG
2007,GOOGL
2007,META
2007,VOO
2007,VFIAX
2007,BRK-A
2007,BRK-B
2007,VITSX
2007,VTSAX
2007,TSM
2007,TSLA
2007,AVGO
2007,LLY
2007,WMT
2007,JPM
2007,V
2007,FXAIX
2007,VTI
2007,IVV
2007,XOM
2007,SPY
2007,MA
2007,UNH
2007,VXUS
2007,VTPSX
2007,VTIAX
2007,COST
2007,PG
2007,ORCL
2007,NFLX
2007,JNJ
2007,ABBV
2007,HD
2007,VBTLX
2007,VBMFX
2007,BND
2007,VBMPX
2007,VMCPX
2007,VTBNX
2007,BABA
2007,BAC
2007,SAP
2007,VINIX
2007,VIIIX
2007,KO
2007,TMUS
2007,VIMAX
2007,NVO
2007,CVX
2007,MC.PA
2007,ASML
2007,MRK.PA
2007,CRM
2007,RMS.PA
2007,RGAGX
2007,GAFFX
2007,AGTHX
2007,GFAFX
2007,CSCO
2007,PM
2007,CGFAX
2007,BALFX
2007,ABALX
2007,FIYY
2007,AFMBX
2007,CLBAX
2007,RLBGX
2007,AMBFX
2007,VZA
2007,WFC
2007,IBM
2007,RY.TO
2007,ABT
2007,TM
2007,AZN
2007,MCD
2007,RGABX
2007,LIN
2007,MRK
2007,GE
2007,RGAAX
2007,NVS
2007,RY-PZ.TO
2007,FFEU
2007,GFACX
2007,VEA
2007,VTMNX
2007,VTMGX
2007,PEP
2007,T
2007,HSBC
2007,VEMRX
2007,TBB
2007,PLTR
2007,VEMPX
2007,VB
2007,ACN
2007,VZ
2007,AXP
2007,OR.PA
2007,VTV
2007,MS
2007,BX
2007,QQQ
2007,TMO
2007,SHOP.TO
2007,PONPX
2007,PIMIX
2007,ISRG
2007,RTX
2007,DIS
2007,VO
2007,INTU
2007,GNE.PA
2007,TD-PFK.TO
2007,GS
2007,QCOM
2007,NOW
2007,PGR
2007,AMD
2007,HDB
2007,AMGN
2007,TD-PFI.TO
2007,ADBE
2007,TXN
2007,RY
2007,SPGI
2007,CATR.PA
2007,VIGIX
2007,VIGAX
2007,CAT
2007,FCNKX
2007,FCNTX
2007,AICFX
2007,RICAX
2007,RICBX
2007,FFICX
2007,AIVSX
2007,AICCX
2007,CICAX
2007,MUFG
2007,BKNG
2007,UBER
2007,SONY
2007,BSX
2007,UL
2007,FCTDX
2007,TD.TO
2007,BLK
2007,FNPFX
2007,RNPGX
2007,NEE
2007,ANWPX
2007,NPFFX
2007,DHR
2007,RFNCX
2007,TTE
2007,SYK
2007,FUNFX
2007,AFIFX
2007,CFNAX
2007,ANCFX
2007,UNP
2007,TD-PFL.TO
2007,VGSLX
2007,SCHW
2007,PFE
2007,ENB.TO
2007,GILD
2007,CMCSA
2007,HON
2007,AWSHX
2007,RWMFX
2007,CWMAX
2007,TJX
2007,WSHFX
2007,WSHCX
2007,RWMBX
2007,COP
2007,SNY
2007,C
2007,LOW
2007,AMECX
2007,AEPGX
2007,RERGX
2007,RIDGX
2007,FIFAX
2007,IFAFX
2007,DE
2007,AEGFX
2007,RERHX
2007,AEPFX
2007,CWGFX
2007,AIR.PA
2007,RWICX
2007,CWIAX
2007,CWGIX
2007,IEFA
2007,SHOP
2007,BA
2007,TTE.PA
2007,ADP
2007,FI
2007,VRTX
2007,AGG
2007,EL.PA
2007,SAN.PA
2007,JJEB
2007,BMY
2007,CB
2007,BUD
2007,SU.PA
2007,MMC
2007,DOXGX
2007,AMAT
2007,BAM.TO
2007,BN.TO
2007,ANTM
2007,MDT
2007,PANW
2007,VWELX
2007,VWENX
2007,ARM
2007,COWB
2007,TRI.TO
2007,JJTB
2007,BALB
2007,SBUX
2007,JJGB
2007,CAIBX
2007,RIRGX
2007,CIRAX
2007,CIBFX
2007,SPOT
2007,IBN
2007,SHEL
2007,ETN
2007,JJAB
2007,BJJN
2007,VDADX
2007,JJUB
2007,VIG
2007,FSKAX
2007,LMT
2007,JLGMX
2007,JLGRX
2007,SEEGX
2007,OLGAX
2007,KKR
2007,VTTHX
2007,TD
2007,IWF
2007,PLD
2007,VSCIX
2007,VSMAX
2007,JJSB
2007,SAN
2007,AMT
2007,AI.PA
2007,JJPB
2007,SGGB
2007,VTIFX
2007,BNDX
2007,VTABX
2007,SOJD
2007,SAF.PA
2007,SO
2007,SOJE
2007,BMO.TO
2007,SOJC
2007,JJMB
2007,JJCB
2007,MO
2007,MU
2007,ANET
2007,WELL
2007,RY-PT
2007,ADI
2007,ICE
2007,VGT
2007,ELV
2007,VTHRX
2007,RIO
2007,BJO
2007,CSU.TO
2007,VITAX
2007,ENB
2007,MELI
2007,PGMB
2007,SMFG
2007,UBS
2007,APP
2007,NKE
2007,CDI.PA
2007,INTC
2007,CP.TO
2007,DUKB
2007,CME
2007,DODIX
2007,CNQ.TO
2007,DUK
2007,WM
2007,VFORX
2007,RELX
2007,CFAAX
2007,BFAFX
2007,LRCX
2007,UPS
2007,VTIVX
2007,DGE.PA
2007,DODGX
2007,KLAC
2007,VUG
2007,BTI
2007,CRWD
2007,CI
2007,IJH
2007,BP
2007,CNR.TO
2007,PBR-A
2007,SHW
2007,AJG
2007,CS.PA
2007,MDLZ
2007,GEV
2007,BNP.PA
2007,TBCIX
2007,AON
2007,CVS
2007,TRBCX
2007,HCA
2007,MCK
2007,MCO
2007,CTAS
2007,BNS.TO
2007,PABGX
2007,ORLY
2007,BAM
2007,FKINX
2007,BN
2007,RAFFX
2007,VEMAX
2007,FNCFX
2007,APH
2007,FRIAX
2007,VEXAX
2007,VIEIX
2007,MSTR
2007,MMM
2007,EQIX
2007,BBVA
2007,APO
2007,VFIFX
2007,VWIUX
2007,VWITX
2007,PH
2007,TRI
2007,TDG
2007,MFC.TO
2007,AMCPX
2007,AEM.TO
2007,NGT.TO
2007,AMPFX
2007,RACE
2007,RRBGX
2007,VPMAX
2007,GSK
2007,EFA
2007,VPMCX
2007,CM.TO
2007,DASH
2007,TT
2007,ABNB
2007,PRUFX
2007,CL
2007,RSG
2007,SE
2007,VHYAX
2007,PRGFX
2007,VYM
2007,DODFX
2007,INFY
2007,VTTVX
2007,STRK
2007,GLD
2007,SCCO
2007,FTNT
2007,ATVI
2007,NOC
2007,GD
2007,EPD
2007,WMB
2007,EQNR
2007,IBKR
2007,ITW
2007,SMCWX
2007,SCWFX
2007,RLLGX
2007,RSLAX
2007,CSPAX
2007,MSI
2007,TRSAX
2007,WCN.TO
2007,ZTS
2007,VVIAX
2007,FIWGX
2007,ECL
2007,RSP
2007,FBGRX
2007,EOG
2007,TRP.TO
2007,CDNS
2007,BMO
2007,SCHD
2007,CMG
2007,SU.TO
2007,PNC
2007,ABB
2007,SWPPX
2007,NTES
2007,RMFGX
2007,AMRFX
2007,RRGSX
2007,MFG
2007,AMFFX
2007,COF
2007,ATD.TO
2007,SNPS
2007,DG.PA
2007,CP
2007,REGN
2007,VMCIX
2007,CNQ
2007,AMOV
2007,MAR
2007,PYPL
2007,FGCKX
2007,FDGRX
2007,APD
2007,USB
2007,BDX
2007,CEG
2007,IWM
2007,BDXA
2007,VWO
2007,NGG
2007,ET
2007,DELL
2007,AZO
2007,KMI
2007,JD
2007,ROP
2007,PXD
2007,WDAY
2007,IEMG
2007,CNWAX
2007,NEWFX
2007,NWFFX
2007,NFFFX
2007,FXNAX
2007,OKE
2007,AMPCX
2007,EMR
2007,CNI
2007,BHP
2007,VMW
2007,AFL
2007,L.TO
2007,VWNAX
2007,ING
2007,VWNFX
2007,CRH
2007,BK
2007,TRV
2007,VEIPX
2007,VEIRX
2007,IJR
2007,CCZ
2007,VBIRX
2007,BSV
2007,SPLG
2007,MEIKX
2007,MEIIX
2007,MEIAX
2007,VBIAX
2007,BNS
2007,VBINX
2007,VBAIX
2007,DEO
2007,FDX
2007,AEP
2007,SLB.PA
2007,LYG
2007,FBALX
2007,MNST
2006,AAPL
2006,MSFT
2006,NVDA
2006,VSMPX
2006,AMZN
2006,GOOG
2006,GOOGL
2006,META
2006,VOO
2006,VFIAX
2006,BRK-A
2006,BRK-B
2006,VITSX
2006,VTSAX
2006,TSM
2006,TSLA
2006,AVGO
2006,LLY
2006,WMT
2006,JPM
2006,V
2006,FXAIX
2006,VTI
2006,IVV
2006,XOM
2006,SPY
2006,MA
2006,UNH
2006,VXUS
2006,VTPSX
2006,VTIAX
2006,COST
2006,PG
2006,ORCL
2006,NFLX
2006,JNJ
2006,ABBV
2006,HD
2006,VBTLX
2006,VBMFX
2006,BND
2006,VBMPX
2006,VMCPX
2006,VTBNX
2006,BABA
2006,BAC
2006,SAP
2006,VINIX
2006,VIIIX
2006,KO
2006,TMUS
2006,VIMAX
2006,NVO
2006,CVX
2006,MC.PA
2006,ASML
2006,MRK.PA
2006,CRM
2006,RMS.PA
2006,RGAGX
2006,GAFFX
2006,AGTHX
2006,GFAFX
2006,CSCO
2006,PM
2006,CGFAX
2006,BALFX
2006,ABALX
2006,FIYY
2006,AFMBX
2006,CLBAX
2006,RLBGX
2006,AMBFX
2006,VZA
2006,WFC
2006,IBM
2006,RY.TO
2006,ABT
2006,TM
2006,AZN
2006,MCD
2006,RGABX
2006,LIN
2006,MRK
2006,GE
2006,RGAAX
2006,NVS
2006,RY-PZ.TO
2006,FFEU
2006,GFACX
2006,VEA
2006,VTMNX
2006,VTMGX
2006,PEP
2006,T
2006,HSBC
2006,VEMRX
2006,TBB
2006,PLTR
2006,VEMPX
2006,VB
2006,ACN
2006,VZ
2006,AXP
2006,OR.PA
2006,VTV
2006,MS
2006,BX
2006,QQQ
2006,TMO
2006,SHOP.TO
2006,PONPX
2006,PIMIX
2006,ISRG
2006,RTX
2006,DIS
2006,VO
2006,INTU
2006,GNE.PA
2006,TD-PFK.TO
2006,GS
2006,QCOM
2006,NOW
2006,PGR
2006,AMD
2006,HDB
2006,AMGN
2006,TD-PFI.TO
2006,ADBE
2006,TXN
2006,RY
2006,SPGI
2006,CATR.PA
2006,VIGIX
2006,VIGAX
2006,CAT
2006,FCNKX
2006,FCNTX
2006,AICFX
2006,RICAX
2006,RICBX
2006,FFICX
2006,AIVSX
2006,AICCX
2006,CICAX
2006,MUFG
2006,BKNG
2006,UBER
2006,SONY
2006,BSX
2006,UL
2006,FCTDX
2006,TD.TO
2006,BLK
2006,FNPFX
2006,RNPGX
2006,NEE
2006,ANWPX
2006,NPFFX
2006,DHR
2006,RFNCX
2006,TTE
2006,SYK
2006,FUNFX
2006,AFIFX
2006,CFNAX
2006,ANCFX
2006,UNP
2006,TD-PFL.TO
2006,VGSLX
2006,SCHW
2006,PFE
2006,ENB.TO
2006,GILD
2006,CMCSA
2006,HON
2006,AWSHX
2006,RWMFX
2006,CWMAX
2006,TJX
2006,WSHFX
2006,WSHCX
2006,RWMBX
2006,COP
2006,SNY
2006,C
2006,LOW
2006,AMECX
2006,AEPGX
2006,RERGX
2006,RIDGX
2006,FIFAX
2006,IFAFX
2006,DE
2006,AEGFX
2006,RERHX
2006,AEPFX
2006,CWGFX
2006,AIR.PA
2006,RWICX
2006,CWIAX
2006,CWGIX
2006,IEFA
2006,SHOP
2006,BA
2006,TTE.PA
2006,ADP
2006,FI
2006,VRTX
2006,AGG
2006,EL.PA
2006,SAN.PA
2006,JJEB
2006,BMY
2006,CB
2006,BUD
2006,SU.PA
2006,MMC
2006,DOXGX
2006,AMAT
2006,BAM.TO
2006,BN.TO
2006,ANTM
2006,MDT
2006,PANW
2006,VWELX
2006,VWENX
2006,ARM
2006,COWB
2006,TRI.TO
2006,JJTB
2006,BALB
2006,SBUX
2006,JJGB
2006,CAIBX
2006,RIRGX
2006,CIRAX
2006,CIBFX
2006,SPOT
2006,IBN
2006,SHEL
2006,ETN
2006,JJAB
2006,BJJN
2006,VDADX
2006,JJUB
2006,VIG
2006,FSKAX
2006,LMT
2006,JLGMX
2006,JLGRX
2006,SEEGX
2006,OLGAX
2006,KKR
2006,VTTHX
2006,TD
2006,IWF
2006,PLD
2006,VSCIX
2006,VSMAX
2006,JJSB
2006,SAN
2006,AMT
2006,AI.PA
2006,JJPB
2006,SGGB
2006,VTIFX
2006,BNDX
2006,VTABX
2006,SOJD
2006,SAF.PA
2006,SO
2006,SOJE
2006,BMO.TO
2006,SOJC
2006,JJMB
2006,JJCB
2006,MO
2006,MU
2006,ANET
2006,WELL
2006,RY-PT
2006,ADI
2006,ICE
2006,VGT
2006,ELV
2006,VTHRX
2006,RIO
2006,BJO
2006,CSU.TO
2006,VITAX
2006,ENB
2006,MELI
2006,PGMB
2006,SMFG
2006,UBS
2006,APP
2006,NKE
2006,CDI.PA
2006,INTC
2006,CP.TO
2006,DUKB
2006,CME
2006,DODIX
2006,CNQ.TO
2006,DUK
2006,WM
2006,VFORX
2006,RELX
2006,CFAAX
2006,BFAFX
2006,LRCX
2006,UPS
2006,VTIVX
2006,DGE.PA
2006,DODGX
2006,KLAC
2006,VUG
2006,BTI
2006,CRWD
2006,CI
2006,IJH
2006,BP
2006,CNR.TO
2006,PBR-A
2006,SHW
2006,AJG
2006,CS.PA
2006,MDLZ
2006,GEV
2006,BNP.PA
2006,TBCIX
2006,AON
2006,CVS
2006,TRBCX
2006,HCA
2006,MCK
2006,MCO
2006,CTAS
2006,BNS.TO
2006,PABGX
2006,ORLY
2006,BAM
2006,FKINX
2006,BN
2006,RAFFX
2006,VEMAX
2006,FNCFX
2006,APH
2006,FRIAX
2006,VEXAX
2006,VIEIX
2006,MSTR
2006,MMM
2006,EQIX
2006,BBVA
2006,APO
2006,VFIFX
2006,VWIUX
2006,VWITX
2006,PH
2006,TRI
2006,TDG
2006,MFC.TO
2006,AMCPX
2006,AEM.TO
2006,NGT.TO
2006,AMPFX
2006,RACE
2006,RRBGX
2006,VPMAX
2006,GSK
2006,EFA
2006,VPMCX
2006,CM.TO
2006,DASH
2006,TT
2006,ABNB
2006,PRUFX
2006,CL
2006,RSG
2006,SE
2006,VHYAX
2006,PRGFX
2006,VYM
2006,DODFX
2006,INFY
2006,VTTVX
2006,STRK
2006,GLD
2006,SCCO
2006,FTNT
2006,ATVI
2006,NOC
2006,GD
2006,EPD
2006,WMB
2006,EQNR
2006,IBKR
2006,ITW
2006,SMCWX
2006,SCWFX
2006,RLLGX
2006,RSLAX
2006,CSPAX
2006,MSI
2006,TRSAX
2006,WCN.TO
2006,ZTS
2006,VVIAX
2006,FIWGX
2006,ECL
2006,RSP
2006,FBGRX
2006,EOG
2006,TRP.TO
2006,CDNS
2006,BMO
2006,SCHD
2006,CMG
2006,SU.TO
2006,PNC
2006,ABB
2006,SWPPX
2006,NTES
2006,RMFGX
2006,AMRFX
2006,RRGSX
2006,MFG
2006,AMFFX
2006,COF
2006,ATD.TO
2006,SNPS
2006,DG.PA
2006,CP
2006,REGN
2006,VMCIX
2006,CNQ
2006,AMOV
2006,MAR
2006,PYPL
2006,FGCKX
2006,FDGRX
2006,APD
2006,USB
2006,BDX
2006,CEG
2006,IWM
2006,BDXA
2006,VWO
2006,NGG
2006,ET
2006,DELL
2006,AZO
2006,KMI
2006,JD
2006,ROP
2006,PXD
2006,WDAY
2006,IEMG
2006,CNWAX
2006,NEWFX
2006,NWFFX
2006,NFFFX
2006,FXNAX
2006,OKE
2006,AMPCX
2006,EMR
2006,CNI
2006,BHP
2006,VMW
2006,AFL
2006,L.TO
2006,VWNAX
2006,ING
2006,VWNFX
2006,CRH
2006,BK
2006,TRV
2006,VEIPX
2006,VEIRX
2006,IJR
2006,CCZ
2006,VBIRX
2006,BSV
2006,SPLG
2006,MEIKX
2006,MEIIX
2006,MEIAX
2006,VBIAX
2006,BNS
2006,VBINX
2006,VBAIX
2006,DEO
2006,FDX
2006,AEP
2006,SLB.PA
2006,LYG
2006,FBALX
2006,MNST
2005,AAPL
2005,MSFT
2005,NVDA
2005,VSMPX
2005,AMZN
2005,GOOG
2005,GOOGL
2005,META
2005,VOO
2005,VFIAX
2005,BRK-A
2005,BRK-B
2005,VITSX
2005,VTSAX
2005,TSM
2005,TSLA
2005,AVGO
2005,LLY
2005,WMT
2005,JPM
2005,V
2005,FXAIX
2005,VTI
2005,IVV
2005,XOM
2005,SPY
2005,MA
2005,UNH
2005,VXUS
2005,VTPSX
2005,VTIAX
2005,COST
2005,PG
2005,ORCL
2005,NFLX
2005,JNJ
2005,ABBV
2005,HD
2005,VBTLX
2005,VBMFX
2005,BND
2005,VBMPX
2005,VMCPX
2005,VTBNX
2005,BABA
2005,BAC
2005,SAP
2005,VINIX
2005,VIIIX
2005,KO
2005,TMUS
2005,VIMAX
2005,NVO
2005,CVX
2005,MC.PA
2005,ASML
2005,MRK.PA
2005,CRM
2005,RMS.PA
2005,RGAGX
2005,GAFFX
2005,AGTHX
2005,GFAFX
2005,CSCO
2005,PM
2005,CGFAX
2005,BALFX
2005,ABALX
2005,FIYY
2005,AFMBX
2005,CLBAX
2005,RLBGX
2005,AMBFX
2005,VZA
2005,WFC
2005,IBM
2005,RY.TO
2005,ABT
2005,TM
2005,AZN
2005,MCD
2005,RGABX
2005,LIN
2005,MRK
2005,GE
2005,RGAAX
2005,NVS
2005,RY-PZ.TO
2005,FFEU
2005,GFACX
2005,VEA
2005,VTMNX
2005,VTMGX
2005,PEP
2005,T
2005,HSBC
2005,VEMRX
2005,TBB
2005,PLTR
2005,VEMPX
2005,VB
2005,ACN
2005,VZ
2005,AXP
2005,OR.PA
2005,VTV
2005,MS
2005,BX
2005,QQQ
2005,TMO
2005,SHOP.TO
2005,PONPX
2005,PIMIX
2005,ISRG
2005,RTX
2005,DIS
2005,VO
2005,INTU
2005,GNE.PA
2005,TD-PFK.TO
2005,GS
2005,QCOM
2005,NOW
2005,PGR
2005,AMD
2005,HDB
2005,AMGN
2005,TD-PFI.TO
2005,ADBE
2005,TXN
2005,RY
2005,SPGI
2005,CATR.PA
2005,VIGIX
2005,VIGAX
2005,CAT
2005,FCNKX
2005,FCNTX
2005,AICFX
2005,RICAX
2005,RICBX
2005,FFICX
2005,AIVSX
2005,AICCX
2005,CICAX
2005,MUFG
2005,BKNG
2005,UBER
2005,SONY
2005,BSX
2005,UL
2005,FCTDX
2005,TD.TO
2005,BLK
2005,FNPFX
2005,RNPGX
2005,NEE
2005,ANWPX
2005,NPFFX
2005,DHR
2005,RFNCX
2005,TTE
2005,SYK
2005,FUNFX
2005,AFIFX
2005,CFNAX
2005,ANCFX
2005,UNP
2005,TD-PFL.TO
2005,VGSLX
2005,SCHW
2005,PFE
2005,ENB.TO
2005,GILD
2005,CMCSA
2005,HON
2005,AWSHX
2005,RWMFX
2005,CWMAX
2005,TJX
2005,WSHFX
2005,WSHCX
2005,RWMBX
2005,COP
2005,SNY
2005,C
2005,LOW
2005,AMECX
2005,AEPGX
2005,RERGX
2005,RIDGX
2005,FIFAX
2005,IFAFX
2005,DE
2005,AEGFX
2005,RERHX
2005,AEPFX
2005,CWGFX
2005,AIR.PA
2005,RWICX
2005,CWIAX
2005,CWGIX
2005,IEFA
2005,SHOP
2005,BA
2005,TTE.PA
2005,ADP
2005,FI
2005,VRTX
2005,AGG
2005,EL.PA
2005,SAN.PA
2005,JJEB
2005,BMY
2005,CB
2005,BUD
2005,SU.PA
2005,MMC
2005,DOXGX
2005,AMAT
2005,BAM.TO
2005,BN.TO
2005,ANTM
2005,MDT
2005,PANW
2005,VWELX
2005,VWENX
2005,ARM
2005,COWB
2005,TRI.TO
2005,JJTB
2005,BALB
2005,SBUX
2005,JJGB
2005,CAIBX
2005,RIRGX
2005,CIRAX
2005,CIBFX
2005,SPOT
2005,IBN
2005,SHEL
2005,ETN
2005,JJAB
2005,BJJN
2005,VDADX
2005,JJUB
2005,VIG
2005,FSKAX
2005,LMT
2005,JLGMX
2005,JLGRX
2005,SEEGX
2005,OLGAX
2005,KKR
2005,VTTHX
2005,TD
2005,IWF
2005,PLD
2005,VSCIX
2005,VSMAX
2005,JJSB
2005,SAN
2005,AMT
2005,AI.PA
2005,JJPB
2005,SGGB
2005,VTIFX
2005,BNDX
2005,VTABX
2005,SOJD
2005,SAF.PA
2005,SO
2005,SOJE
2005,BMO.TO
2005,SOJC
2005,JJMB
2005,JJCB
2005,MO
2005,MU
2005,ANET
2005,WELL
2005,RY-PT
2005,ADI
2005,ICE
2005,VGT
2005,ELV
2005,VTHRX
2005,RIO
2005,BJO
2005,CSU.TO
2005,VITAX
2005,ENB
2005,MELI
2005,PGMB
2005,SMFG
2005,UBS
2005,APP
2005,NKE
2005,CDI.PA
2005,INTC
2005,CP.TO
2005,DUKB
2005,CME
2005,DODIX
2005,CNQ.TO
2005,DUK
2005,WM
2005,VFORX
2005,RELX
2005,CFAAX
2005,BFAFX
2005,LRCX
2005,UPS
2005,VTIVX
2005,DGE.PA
2005,DODGX
2005,KLAC
2005,VUG
2005,BTI
2005,CRWD
2005,CI
2005,IJH
2005,BP
2005,CNR.TO
2005,PBR-A
2005,SHW
2005,AJG
2005,CS.PA
2005,MDLZ
2005,GEV
2005,BNP.PA
2005,TBCIX
2005,AON
2005,CVS
2005,TRBCX
2005,HCA
2005,MCK
2005,MCO
2005,CTAS
2005,BNS.TO
2005,PABGX
2005,ORLY
2005,BAM
2005,FKINX
2005,BN
2005,RAFFX
2005,VEMAX
2005,FNCFX
2005,APH
2005,FRIAX
2005,VEXAX
2005,VIEIX
2005,MSTR
2005,MMM
2005,EQIX
2005,BBVA
2005,APO
2005,VFIFX
2005,VWIUX
2005,VWITX
2005,PH
2005,TRI
2005,TDG
2005,MFC.TO
2005,AMCPX
2005,AEM.TO
2005,NGT.TO
2005,AMPFX
2005,RACE
2005,RRBGX
2005,VPMAX
2005,GSK
2005,EFA
2005,VPMCX
2005,CM.TO
2005,DASH
2005,TT
2005,ABNB
2005,PRUFX
2005,CL
2005,RSG
2005,SE
2005,VHYAX
2005,PRGFX
2005,VYM
2005,DODFX
2005,INFY
2005,VTTVX
2005,STRK
2005,GLD
2005,SCCO
2005,FTNT
2005,ATVI
2005,NOC
2005,GD
2005,EPD
2005,WMB
2005,EQNR
2005,IBKR
2005,ITW
2005,SMCWX
2005,SCWFX
2005,RLLGX
2005,RSLAX
2005,CSPAX
2005,MSI
2005,TRSAX
2005,WCN.TO
2005,ZTS
2005,VVIAX
2005,FIWGX
2005,ECL
2005,RSP
2005,FBGRX
2005,EOG
2005,TRP.TO
2005,CDNS
2005,BMO
2005,SCHD
2005,CMG
2005,SU.TO
2005,PNC
2005,ABB
2005,SWPPX
2005,NTES
2005,RMFGX
2005,AMRFX
2005,RRGSX
2005,MFG
2005,AMFFX
2005,COF
2005,ATD.TO
2005,SNPS
2005,DG.PA
2005,CP
2005,REGN
2005,VMCIX
2005,CNQ
2005,AMOV
2005,MAR
2005,PYPL
2005,FGCKX
2005,FDGRX
2005,APD
2005,USB
2005,BDX
2005,CEG
2005,IWM
2005,BDXA
2005,VWO
2005,NGG
2005,ET
2005,DELL
2005,AZO
2005,KMI
2005,JD
2005,ROP
2005,PXD
2005,WDAY
2005,IEMG
2005,CNWAX
2005,NEWFX
2005,NWFFX
2005,NFFFX
2005,FXNAX
2005,OKE
2005,AMPCX
2005,EMR
2005,CNI
2005,BHP
2005,VMW
2005,AFL
2005,L.TO
2005,VWNAX
2005,ING
2005,VWNFX
2005,CRH
2005,BK
2005,TRV
2005,VEIPX
2005,VEIRX
2005,IJR
2005,CCZ
2005,VBIRX
2005,BSV
2005,SPLG
2005,MEIKX
2005,MEIIX
2005,MEIAX
2005,VBIAX
2005,BNS
2005,VBINX
2005,VBAIX
2005,DEO
2005,FDX
2005,AEP
2005,SLB.PA
2005,LYG
2005,FBALX
2005,MNST
